ortholog_s288c	panID
YHR092C	Kazachstania_naganishii@Seq_1292
YKL152C	yHMPu5000034655_Botryozyma_nematodophila@Seq_6701
YEL027W	yHMPu5000034655_Botryozyma_nematodophila@Seq_5198
YDL066W	yHMPu5000034952_Citeromyces_siamensis@Seq_6725
YOR323C	Metschnikowia_hamakuensis@Seq_2484
YJR016C	yHMPu5000034952_Citeromyces_siamensis@Seq_7723
YDR044W	yHMPu5000026142_Citeromyces_matritensis@Seq_350
YBR018C	yHAB155_Kazachstania_spencerorum@Seq_4193
YLR304C	yHAB155_Kazachstania_spencerorum@Seq_2824
YBL030C	Neurospora_crassa@Seq_2401
YGR175C	yHMPu5000035274_Wickerhamomyces_alni@Seq_5279
YKL060C	yHMPu5000034862_Zygotorulaspora_florentina@Seq_299
YOR065W	yHMPu5000034947_Ambrosiozyma_philentoma@Seq_4229
YHR104W	yHMPu5000035046_Barnettozyma_populi@Seq_3049
YIL053W	yHAB153_Kazachstania_rosinii@Seq_4121
YLR359W	yHMPu5000034631_Martiniozyma_abiesophila@Seq_424
YIR034C	yHAB155_Kazachstania_spencerorum@Seq_4492
YOL086C	yHAB134_Kazachstania_turicensis@Seq_3136
YER043C	yHMPu5000034952_Citeromyces_siamensis@Seq_4001
YMR108W	Metschnikowia_mauinuiana@Seq_1041
YMR300C	yHAB166_Kazachstania_yakushimaensis@Seq_2579
Q0250	yHMPu5000035268_Wickerhamomyces_hampshirensis@Seq_433
YLR304C	yHMPu5000034918_Nakazawaea_holstii@Seq_4004
Q0045	yHMPu5000026145_Ambrosiozyma_vanderkliftii@Seq_2304
YCL018W	Metschnikowia_matae@Seq_6346
YDL185W	yHMPu5000034612_Saturnispora_saitoi@Seq_1740
YNR001C	yHMPu5000034950_Citeromyces_hawaiiensis@Seq_164
YOL097C	Metschnikowia_hawaiiensis@Seq_4436
YDR353W	yHMPu5000034952_Citeromyces_siamensis@Seq_5714
YBL033C	Hanseniaspora_valbyensis@Seq_4489
YDR343C	yHAB166_Kazachstania_yakushimaensis@Seq_3043
YOR065W	yHMPu5000034631_Martiniozyma_abiesophila@Seq_2720
YLR410W	yHMPu5000034952_Citeromyces_siamensis@Seq_1333
YOR323C	yHMPu5000026142_Citeromyces_matritensis@Seq_3991
YAL061W	yHAB155_Kazachstania_spencerorum@Seq_1135
YLR377C	yHAB155_Kazachstania_spencerorum@Seq_5452
YDL055C	yHMPu5000035675_Kregervanrija_fluxuum@Seq_2132
YNL275W	yHMPu5000034952_Citeromyces_siamensis@Seq_3004
YDR342C	yHAB158_Kazachstania_viticola@Seq_1294
YMR011W	yHMPu5000035684_Kloeckera_hatyaiensis@Seq_3430
YLR153C	yHAB159_Kazachstania_solicola@Seq_2359
YPL147W	yHAB159_Kazachstania_solicola@Seq_1367
YNL220W	yHAB158_Kazachstania_viticola@Seq_630
YGL026C	yHMPu5000034952_Citeromyces_siamensis@Seq_6820
YNL009W	Metschnikowia_hawaiiensis@Seq_4300
YLR410W	yHMPu5000034952_Citeromyces_siamensis@Seq_6064
YNR016C	yHAB166_Kazachstania_yakushimaensis@Seq_5109
YKL182W	yHMPu5000034655_Botryozyma_nematodophila@Seq_4494
YCL038C	Lachancea_waltii@Seq_660
Q0045	yHMPu5000026145_Ambrosiozyma_vanderkliftii@Seq_2641
YMR011W	Debaryomyces_hansenii@Seq_5360
YLR172C	yHMPu5000034952_Citeromyces_siamensis@Seq_8509
YLL048C	yHMPu5000034952_Citeromyces_siamensis@Seq_4415
YBR127C	yHMPu5000034636_Ogataea_nitratoaversa@Seq_5053
YJR048W	yHAB134_Kazachstania_turicensis@Seq_5330
YDR226W	yHAB155_Kazachstania_spencerorum@Seq_5189
YIL053W	yHAB153_Kazachstania_rosinii@Seq_1217
YFL022C	Hanseniaspora_valbyensis@Seq_2523
Q0045	yHMPu5000034635_Nadsonia_fulvescens@Seq_953
YNR043W	yHMPu5000035261_Candida_ponderosae@Seq_3137
YLL018C	yHMPu5000035268_Wickerhamomyces_hampshirensis@Seq_204
YBR068C	yHAB155_Kazachstania_spencerorum@Seq_6375
YMR105C	yHAB155_Kazachstania_spencerorum@Seq_371
YBR084W	Metschnikowia_hawaiiensis@Seq_3177
YJR010W	Metschnikowia_santaceciliae@Seq_5843
Q0250	yHMPu5000034947_Ambrosiozyma_philentoma@Seq_6097
YMR083W	yHMPu5000034952_Citeromyces_siamensis@Seq_2063
YOR374W	yHMPu5000034952_Citeromyces_siamensis@Seq_4262
YNR016C	yHMPu5000034673_Blastobotrys_nivea@Seq_5345
YHR072W	yHMPu5000035261_Candida_ponderosae@Seq_1460
YNL268W	Saccharomyces_eubayanus@Seq_4159
YIR037W	yHAB159_Kazachstania_solicola@Seq_5991
YHR092C	yHAB143_Kazachstania_siamensis@Seq_3341
YDL182W	yHMPu5000034631_Martiniozyma_abiesophila@Seq_12460
YPL160W	yHMPu5000035674_Kregervanrija_delftensis@Seq_1996
Q0045	yHMPu5000026145_Ambrosiozyma_vanderkliftii@Seq_1743
YBR127C	yHMPu5000034952_Citeromyces_siamensis@Seq_9064
YMR083W	Pachysolen_tannophilus@Seq_4739
YML042W	yHMPu5000041713_Debaryomyces_maramus@Seq_2539
Q0130	yHMPu5000034635_Nadsonia_fulvescens@Seq_6841
YLR305C	yHMPu5000034952_Citeromyces_siamensis@Seq_886
YPL036W	yHMPu5000035662_Meyerozyma_caribbica@Seq_559
YKL181W	yHMPu5000034952_Citeromyces_siamensis@Seq_1768
YPL172C	yHAB153_Kazachstania_rosinii@Seq_2644
YGR267C	yHMPu5000035667_Kurtzmaniella_cleridarum@Seq_3149
YIR034C	yHMPu5000035268_Wickerhamomyces_hampshirensis@Seq_3566
YDR098C	yHAB159_Kazachstania_solicola@Seq_2532
YOL151W	Tetrapisispora_phaffii@Seq_3684
YLR410W	yHMPu5000034892_Ogataea_pilisensis@Seq_1650
YPL135W	yHMPu5000035261_Candida_ponderosae@Seq_2311
YBR208C	Metschnikowia_santaceciliae@Seq_2196
YJR016C	yHMPu5000034947_Ambrosiozyma_philentoma@Seq_3826
YGL077C	yHAB166_Kazachstania_yakushimaensis@Seq_819
YGL063W	Saccharomyces_uvarum@Seq_1545
YGL006W	yHMPu5000035696_Hanseniaspora_singularis@Seq_2014
YOL061W	Metschnikowia_lockheadii@Seq_5763
YLR172C	yHAB134_Kazachstania_turicensis@Seq_266
YLR134W	Naumovozyma_castellii@Seq_4084
YMR217W	yHAB166_Kazachstania_yakushimaensis@Seq_3741
YLR174W	yHMPu5000034952_Citeromyces_siamensis@Seq_1236
YGL225W	yHAB132_Kazachstania_martiniae@Seq_4431
YPL231W	yHMPu5000034761_Lipomyces_lipofer@Seq_1913
YHR183W	Saccharomyces_paradoxus@Seq_4709
YLR377C	yHMPu5000035674_Kregervanrija_delftensis@Seq_3317
YLR044C	yHMPu5000034866_Zygosaccharomyces_bisporus@Seq_3825
YNR016C	yHMPu5000035274_Wickerhamomyces_alni@Seq_4787
YBL030C	yHAB153_Kazachstania_rosinii@Seq_4136
YEL051W	yHMPu5000034673_Blastobotrys_nivea@Seq_687
YBL015W	yHAB155_Kazachstania_spencerorum@Seq_2258
YBR034C	yHMPu5000034760_Lipomyces_kononenkoae@Seq_750
Q0045	yHMPu5000041818_Magnusiomyces_tetrasperma@Seq_4144
YNL037C	yHMPu5000035274_Wickerhamomyces_alni@Seq_5785
YER062C	yHAB153_Kazachstania_rosinii@Seq_1809
YLR058C	Metschnikowia_lockheadii@Seq_2753
YLL041C	Naumovozyma_dairenensis@Seq_2527
YCR012W	yHMPu5000035261_Candida_ponderosae@Seq_6817
YMR261C	yHAB155_Kazachstania_spencerorum@Seq_942
YBR296C	yHMPu5000035651_Torulaspora_microellipsoides@Seq_4546
YJL219W	Saccharomyces_paradoxus@Seq_3479
YJR104C	yHMPu5000034631_Martiniozyma_abiesophila@Seq_4098
YNL267W	Hanseniaspora_vinae@Seq_2657
YBL076C	yHMPu5000035302_Candida_fragi@Seq_66
YGR061C	yHMPu5000035675_Kregervanrija_fluxuum@Seq_3774
YPL091W	yHMPu5000034631_Martiniozyma_abiesophila@Seq_9015
YFL022C	Hanseniaspora_valbyensis@Seq_1616
YFL053W	yHMPu5000035652_Torulaspora_maleeae@Seq_1435
YPL160W	yHMPu5000034967_Candida_freyschussii@Seq_5077
YDL055C	Stagonospora_nodorum@Seq_10840
YLR304C	yHMPu5000034918_Nakazawaea_holstii@Seq_1852
YGL055W	yHMPu5000034952_Citeromyces_siamensis@Seq_4370
YFL058W	yHMPu5000041713_Debaryomyces_maramus@Seq_1483
YER081W	Metschnikowia_hawaiiensis@Seq_5071
YOR388C	yHMPu5000034998_Cephaloascus_albidus@Seq_4801
YBL039C	yHMPu5000026142_Citeromyces_matritensis@Seq_3676
YDR135C	yHMPu5000035301_Pichia_terricola@Seq_4299
Q0250	yHMPu5000034635_Nadsonia_fulvescens@Seq_4348
YPL231W	Metschnikowia_bowlesiae@Seq_5655
YKR089C	yHMPu5000035244_Candida_incommunis@Seq_451
YPL234C	Metschnikowia_hawaiiensis@Seq_3301
YGL009C	Spathaspora_gorwiae@Seq_365
YML059C	Metschnikowia_continentalis@Seq_2689
YBR192W	yHAB159_Kazachstania_solicola@Seq_1995
YBR018C	yHAB155_Kazachstania_spencerorum@Seq_3423
YLL057C	yHMPu5000035302_Candida_fragi@Seq_3886
YLR244C	yHAB155_Kazachstania_spencerorum@Seq_2922
Q0045	yHAB136_Kazachstania_bromeliacearum@Seq_1574
YJL198W	yHAB155_Kazachstania_spencerorum@Seq_1192
YMR108W	yHMPu5000034877_Tetrapisispora_namnaonensis@Seq_1500
YER043C	yHMPu5000035279_Tortispora_starmeri@Seq_3034
YPL036W	yHMPu5000034673_Blastobotrys_nivea@Seq_791
YMR083W	yHMPu5000034952_Citeromyces_siamensis@Seq_8200
YJL167W	yHMPu5000035674_Kregervanrija_delftensis@Seq_1935
YEL046C	yHAB132_Kazachstania_martiniae@Seq_3947
YHR092C	yHAB133_Kazachstania_unispora@Seq_4286
YOR108W	yHMPu5000035274_Wickerhamomyces_alni@Seq_3662
YMR189W	Lachancea_waltii@Seq_272
YCR053W	yHMPu5000035675_Kregervanrija_fluxuum@Seq_1770
YHR007C	yHMPu5000034665_Kodamaea_laetipori@Seq_3818
YHR026W	yHMPu5000035261_Candida_ponderosae@Seq_1818
YGR287C	Saccharomyces_kudriavzevii@Seq_2611
YHR026W	yHMPu5000034631_Martiniozyma_abiesophila@Seq_3056
YBR196C	yHMPu5000035279_Tortispora_starmeri@Seq_4374
YER091C	yHMPu5000041818_Magnusiomyces_tetrasperma@Seq_3150
YER069W	yHMPu5000026142_Citeromyces_matritensis@Seq_7672
YKL211C	yHMPu5000035261_Candida_ponderosae@Seq_6000
YPR033C	yHMPu5000034950_Citeromyces_hawaiiensis@Seq_5138
YLR134W	yHMPu5000035699_Cyberlindnera_maclurae@Seq_3742
YDR127W	yHAB155_Kazachstania_spencerorum@Seq_5695
YGR254W	Metschnikowia_borealis@Seq_4731
YLR355C	Metschnikowia_lockheadii@Seq_3880
YLR081W	yHMPu5000026142_Citeromyces_matritensis@Seq_2394
YMR120C	yHMPu5000034952_Citeromyces_siamensis@Seq_916
YLL048C	yHAB134_Kazachstania_turicensis@Seq_3743
Q0045	yHMPu5000026145_Ambrosiozyma_vanderkliftii@Seq_282
YDL185W	yHMPu5000034631_Martiniozyma_abiesophila@Seq_9186
YGL055W	yHMPu5000026142_Citeromyces_matritensis@Seq_435
YBL030C	yHMPu5000034594_Starmera_quercuum@Seq_4718
YHR018C	yHAB159_Kazachstania_solicola@Seq_4389
YMR011W	Saccharomyces_uvarum@Seq_1308
YOR317W	yHMPu5000035699_Cyberlindnera_maclurae@Seq_3388
YDL185W	yHMPu5000035268_Wickerhamomyces_hampshirensis@Seq_491
YDL198C	yHAB155_Kazachstania_spencerorum@Seq_278
YOL086C	yHAB166_Kazachstania_yakushimaensis@Seq_1934
YNR016C	yHMPu5000035675_Kregervanrija_fluxuum@Seq_1711
YDL178W	Vanderwaltozyma_polyspora@Seq_1517
YOR374W	yHMPu5000034967_Candida_freyschussii@Seq_2194
YDR035W	Metschnikowia_hawaiiensis@Seq_4312
YLR410W	yHMPu5000034631_Martiniozyma_abiesophila@Seq_9928
YGR065C	yHAB166_Kazachstania_yakushimaensis@Seq_3763
YLR342W	yHMPu5000035675_Kregervanrija_fluxuum@Seq_3434
YBR127C	yHMPu5000034673_Blastobotrys_nivea@Seq_6762
YFR015C	yHMPu5000034952_Citeromyces_siamensis@Seq_3397
YGR267C	yHMPu5000035667_Kurtzmaniella_cleridarum@Seq_2251
YBR085W	Metschnikowia_cerradonensis@Seq_5402
YJL216C	Saccharomyces_kudriavzevii@Seq_786
YEL051W	yHMPu5000026142_Citeromyces_matritensis@Seq_7164
YBR132C	yHMPu5000026274_Komagataella_populi@Seq_2689
YHR216W	yHMPu5000034890_Ogataea_ramenticola@Seq_2766
YGR192C	Metschnikowia_arizonensis@Seq_1722
Q0130	yHMPu5000034635_Nadsonia_fulvescens@Seq_3570
YOR335C	yHMPu5000035675_Kregervanrija_fluxuum@Seq_2222
YJR148W	yHAB166_Kazachstania_yakushimaensis@Seq_638
YDR342C	yHAB143_Kazachstania_siamensis@Seq_4849
YBR218C	yHMPu5000034631_Martiniozyma_abiesophila@Seq_6258
YGL026C	yHMPu5000034952_Citeromyces_siamensis@Seq_4645
YLR410W	Spathaspora_girioi@Seq_4921
YGL009C	Metschnikowia_ipomoeae@Seq_1946
YHR096C	Lachancea_waltii@Seq_4698
YML042W	yHAB155_Kazachstania_spencerorum@Seq_1952
YGR287C	yHMPu5000026152_Torulaspora_franciscae@Seq_2285
YHR074W	yHMPu5000034952_Citeromyces_siamensis@Seq_5659
YJL130C	Metschnikowia_cerradonensis@Seq_1420
YMR011W	yHMPu5000035684_Kloeckera_hatyaiensis@Seq_2683
YPL088W	Nakaseomyces_delphensis@Seq_4847
YIL125W	yHMPu5000035018_Candida_canberraensis@Seq_1733
YHR018C	yHMPu5000034952_Citeromyces_siamensis@Seq_12516
YNL277W	yHAB166_Kazachstania_yakushimaensis@Seq_311
YDR341C	yHMPu5000034952_Citeromyces_siamensis@Seq_7615
YBR126C	yHMPu5000035335_Candida_blattae@Seq_984
YFL058W	yHMPu5000026142_Citeromyces_matritensis@Seq_6757
YBR019C	yHAB158_Kazachstania_viticola@Seq_4314
YLR134W	yHMPu5000035675_Kregervanrija_fluxuum@Seq_3980
YGR155W	yHMPu5000034950_Citeromyces_hawaiiensis@Seq_516
YOR202W	yHAB159_Kazachstania_solicola@Seq_131
YNR001C	yHMPu5000034950_Citeromyces_hawaiiensis@Seq_5607
YBR208C	yHMPu5000035033_Candida_cretensis@Seq_2079
YHR208W	yHMPu5000026145_Ambrosiozyma_vanderkliftii@Seq_5611
YCR012W	yHAB148_Kazachstania_intestinalis@Seq_107
YGL202W	yHAB134_Kazachstania_turicensis@Seq_953
YGR032W	yHMPu5000034946_Ambrosiozyma_oregonensis@Seq_4955
YDL131W	Metschnikowia_ipomoeae@Seq_5077
YDL131W	yHMPu5000034665_Kodamaea_laetipori@Seq_1974
YDR098C	yHMPu5000034631_Martiniozyma_abiesophila@Seq_6150
YGL256W	Lachancea_waltii@Seq_3459
YBR023C	yHAB159_Kazachstania_solicola@Seq_1465
YBR126C	Metschnikowia_matae_maris@Seq_4732
YDR353W	yHMPu5000034646_Wickerhamiella_cacticola@Seq_2625
YCL040W	Lachancea_waltii@Seq_1876
YHR096C	yHAB153_Kazachstania_rosinii@Seq_3258
YML110C	yHMPu5000035671_Phaffomyces_antillensis@Seq_4555
YGL234W	Lachancea_waltii@Seq_1493
YGR087C	yHMPu5000035684_Kloeckera_hatyaiensis@Seq_2593
YDL042C	Lachancea_waltii@Seq_1734
YGL026C	yHMPu5000034952_Citeromyces_siamensis@Seq_11989
YBR132C	yHAB155_Kazachstania_spencerorum@Seq_3270
YER091C	yHMPu5000034631_Martiniozyma_abiesophila@Seq_146
YKR039W	yHMPu5000034963_Hanseniaspora_clermontiae@Seq_876
YBL076C	yHMPu5000034631_Martiniozyma_abiesophila@Seq_2555
YNR030W	Lachancea_waltii@Seq_4222
YDR023W	yHMPu5000026142_Citeromyces_matritensis@Seq_7649
YDR345C	Saccharomyces_eubayanus@Seq_4101
YBR029C	yHAB166_Kazachstania_yakushimaensis@Seq_5272
YJL088W	yHMPu5000035274_Wickerhamomyces_alni@Seq_3145
YKL152C	Spathaspora_gorwiae@Seq_6298
YJL130C	yHAB132_Kazachstania_martiniae@Seq_4611
YIR034C	yHAB160_Kazachstania_kunashirensis@Seq_4958
YLR355C	Ambrosiozyma_monospora@Seq_6876
YDR127W	yHAB155_Kazachstania_spencerorum@Seq_3586
YDR051C	yHMPu5000034952_Citeromyces_siamensis@Seq_7071
YGL186C	yHAB134_Kazachstania_turicensis@Seq_1645
YFL058W	yHMPu5000026142_Citeromyces_matritensis@Seq_608
YDR038C	Metschnikowia_lockheadii@Seq_272
YOR273C	Lachancea_waltii@Seq_1230
YDL185W	Metschnikowia_continentalis@Seq_549
YDR341C	Hanseniaspora_valbyensis@Seq_3671
YGL026C	yHMPu5000026142_Citeromyces_matritensis@Seq_4089
YOR335C	yHMPu5000041824_Debaryomyces_subglobosus@Seq_173
YDR158W	yHMPu5000034631_Martiniozyma_abiesophila@Seq_3738
YBR097W	yHAB155_Kazachstania_spencerorum@Seq_3881
YIL066C	yHMPu5000034952_Citeromyces_siamensis@Seq_11682
YBR218C	yHMPu5000035261_Candida_ponderosae@Seq_5303
YBL015W	yHMPu5000034946_Ambrosiozyma_oregonensis@Seq_350
YJR121W	yHMPu5000026142_Citeromyces_matritensis@Seq_979
YPL036W	Metschnikowia_hawaiiensis@Seq_877
YPL231W	yHAB155_Kazachstania_spencerorum@Seq_2854
YKL148C	yHMPu5000035031_Candida_kruisii@Seq_5500
YDR343C	yHAB166_Kazachstania_yakushimaensis@Seq_664
YDL066W	yHAB166_Kazachstania_yakushimaensis@Seq_2657
YBR159W	yHMPu5000035675_Kregervanrija_fluxuum@Seq_4679
YLR092W	yHAB155_Kazachstania_spencerorum@Seq_2732
YBR218C	yHMPu5000034673_Blastobotrys_nivea@Seq_1024
Q0045	yHMPu5000035674_Kregervanrija_delftensis@Seq_2472
YBR023C	yHAB153_Kazachstania_rosinii@Seq_1194
YLR450W	Pachysolen_tannophilus@Seq_5083
YPL231W	yHMPu5000035335_Candida_blattae@Seq_4707
YFL053W	yHMPu5000034952_Citeromyces_siamensis@Seq_2362
YPR035W	yHAB160_Kazachstania_kunashirensis@Seq_4887
YOR071C	yHAB134_Kazachstania_turicensis@Seq_2522
YMR108W	yHAB134_Kazachstania_turicensis@Seq_719
YDR342C	yHAB153_Kazachstania_rosinii@Seq_4843
YPR035W	Metschnikowia_matae_maris@Seq_5373
YCR012W	yHMPu5000034655_Botryozyma_nematodophila@Seq_8981
YNL275W	yHAB160_Kazachstania_kunashirensis@Seq_2453
YPL262W	yHMPu5000034952_Citeromyces_siamensis@Seq_5495
YBL039C	yHMPu5000034675_Blastobotrys_mokoenaii@Seq_5955
YJR152W	yHMPu5000034865_Zygosaccharomyces_kombuchaensis@Seq_81
YPL214C	yHAB159_Kazachstania_solicola@Seq_4734
YGL205W	Metschnikowia_santaceciliae@Seq_2775
YLR174W	yHMPu5000034952_Citeromyces_siamensis@Seq_2900
YGL008C	yHMPu5000034631_Martiniozyma_abiesophila@Seq_5709
YGR254W	yHMPu5000034623_Pichia_norvegensis@Seq_4781
YLR044C	yHMPu5000035684_Kloeckera_hatyaiensis@Seq_3206
YKL060C	yHMPu5000034950_Citeromyces_hawaiiensis@Seq_7155
YER023W	yHMPu5000035675_Kregervanrija_fluxuum@Seq_743
YJL130C	yHMPu5000034952_Citeromyces_siamensis@Seq_2864
YJL026W	yHMPu5000034605_Spencermartinsiella_europaea@Seq_5811
YIL020C	Pachysolen_tannophilus@Seq_5378
YLR237W	Saccharomyces_eubayanus@Seq_1483
YBR127C	yHMPu5000034631_Martiniozyma_abiesophila@Seq_9528
YPL262W	yHAB155_Kazachstania_spencerorum@Seq_3898
YBL033C	yHAB155_Kazachstania_spencerorum@Seq_1940
YDL066W	yHMPu5000034973_Danielozyma_ontarioensis@Seq_662
YBL030C	yHMPu5000034881_Torulaspora_pretoriensis@Seq_848
YLR432W	Saccharomyces_arboricola@Seq_2595
YGL008C	yHMPu5000034613_Saturnispora_serradocipensis@Seq_1992
YPR074C	yHAB164_Kazachstania_aerobia@Seq_2631
YOR002W	yHAB159_Kazachstania_solicola@Seq_5609
YJR148W	yHAB155_Kazachstania_spencerorum@Seq_281
YNR016C	Metschnikowia_matae_maris@Seq_6856
YHR119W	yHMPu5000034673_Blastobotrys_nivea@Seq_7861
YDL131W	Metschnikowia_borealis@Seq_3122
YDR148C	Metschnikowia_similis@Seq_1976
YLR299W	yHAB159_Kazachstania_solicola@Seq_4191
YNL268W	yHAB159_Kazachstania_solicola@Seq_5865
YML008C	yHMPu5000035675_Kregervanrija_fluxuum@Seq_4475
YPL036W	yHMPu5000034610_Saturnispora_hagleri@Seq_504
YEL063C	yHMPu5000034952_Citeromyces_siamensis@Seq_1637
YJR121W	yHMPu5000026256_Zygotorulaspora_mrakii@Seq_4526
YDL171C	yHMPu5000035274_Wickerhamomyces_alni@Seq_815
YER070W	yHMPu5000035274_Wickerhamomyces_alni@Seq_2135
YPR156C	yHAB160_Kazachstania_kunashirensis@Seq_2985
YGL001C	yHMPu5000034950_Citeromyces_hawaiiensis@Seq_4163
Q0045	Eremothecium_sinecaudum@Seq_795
YIL125W	yHMPu5000035673_Candida_orba@Seq_5548
YMR300C	yHMPu5000034952_Citeromyces_siamensis@Seq_10711
YGL205W	yHAB132_Kazachstania_martiniae@Seq_289
YGL062W	yHAB159_Kazachstania_solicola@Seq_4114
YLR044C	yHMPu5000035684_Kloeckera_hatyaiensis@Seq_3274
YOR335C	yHMPu5000034946_Ambrosiozyma_oregonensis@Seq_903
YBR018C	yHAB133_Kazachstania_unispora@Seq_3663
YLR044C	yHMPu5000035684_Kloeckera_hatyaiensis@Seq_303
YJL219W	Saccharomyces_uvarum@Seq_8
YAL038W	yHMPu5000034952_Citeromyces_siamensis@Seq_522
YIR031C	yHAB155_Kazachstania_spencerorum@Seq_1871
YCR053W	yHMPu5000034631_Martiniozyma_abiesophila@Seq_4666
Q0045	yHMPu5000026145_Ambrosiozyma_vanderkliftii@Seq_610
YLR180W	yHMPu5000034952_Citeromyces_siamensis@Seq_11893
YPR033C	yHMPu5000026142_Citeromyces_matritensis@Seq_1710
YDR037W	yHAB132_Kazachstania_martiniae@Seq_2360
YHR183W	yHMPu5000035274_Wickerhamomyces_alni@Seq_4229
YDR234W	yHMPu5000034950_Citeromyces_hawaiiensis@Seq_766
YGR060W	yHAB132_Kazachstania_martiniae@Seq_2205
YPL147W	Vanderwaltozyma_polyspora@Seq_369
YJR139C	yHMPu5000034952_Citeromyces_siamensis@Seq_1100
YDR074W	yHAB134_Kazachstania_turicensis@Seq_3090
YKL104C	Metschnikowia_shivogae@Seq_3932
YFL022C	yHMPu5000035271_Wickerhamomyces_bovis@Seq_3566
YOL058W	yHMPu5000034952_Citeromyces_siamensis@Seq_12584
YJL155C	yHMPu5000034950_Citeromyces_hawaiiensis@Seq_3169
YPL160W	yHMPu5000034967_Candida_freyschussii@Seq_836
YMR202W	yHAB159_Kazachstania_solicola@Seq_3330
YKL216W	Lachancea_waltii@Seq_2706
YDR037W	yHMPu5000035674_Kregervanrija_delftensis@Seq_639
YOR128C	yHAB155_Kazachstania_spencerorum@Seq_2448
YER099C	Kazachstania_africana@Seq_1991
YGR060W	yHMPu5000035282_Trigonopsis_vinaria@Seq_151
YFL018C	yHMPu5000034952_Citeromyces_siamensis@Seq_5925
YLL041C	yHMPu5000034631_Martiniozyma_abiesophila@Seq_10232
YPR138C	yHMPu5000035261_Candida_ponderosae@Seq_5932
YER073W	yHMPu5000034998_Cephaloascus_albidus@Seq_208
YOR270C	Metschnikowia_kamakouana@Seq_5477
YLR058C	yHMPu5000034902_Ogataea_minuta@Seq_854
YDR345C	yHAB159_Kazachstania_solicola@Seq_5298
YJL130C	yHMPu5000035699_Cyberlindnera_maclurae@Seq_5127
YOR323C	yHMPu5000034615_Saturnispora_zaruensis@Seq_3269
YDR256C	yHMPu5000035261_Candida_ponderosae@Seq_2927
YML123C	Brettanomyces_anomalus@Seq_4350
YGR282C	yHAB155_Kazachstania_spencerorum@Seq_6135
YCR053W	yHMPu5000035261_Candida_ponderosae@Seq_4092
YCL064C	yHAB134_Kazachstania_turicensis@Seq_4430
YDR342C	yHAB158_Kazachstania_viticola@Seq_3544
YBL099W	yHMPu5000034950_Citeromyces_hawaiiensis@Seq_4687
YFL045C	yHMPu5000026142_Citeromyces_matritensis@Seq_4767
YDR062W	yHMPu5000035261_Candida_ponderosae@Seq_6619
YMR226C	yHAB134_Kazachstania_turicensis@Seq_1989
YJL166W	yHAB155_Kazachstania_spencerorum@Seq_2460
YLR081W	Saccharomyces_eubayanus@Seq_2475
YLR304C	yHMPu5000034950_Citeromyces_hawaiiensis@Seq_1684
YFR044C	yHMPu5000035662_Meyerozyma_caribbica@Seq_1201
YBR218C	yHMPu5000034631_Martiniozyma_abiesophila@Seq_4191
YCR012W	Hanseniaspora_valbyensis@Seq_463
YMR278W	Metschnikowia_hamakuensis@Seq_1044
YPR035W	yHMPu5000034623_Pichia_norvegensis@Seq_3586
YGR254W	yHMPu5000034901_Ogataea_methylivora@Seq_4773
YLR044C	Zygosaccharomyces_bailii@Seq_3022
YDR226W	yHMPu5000035044_Barnettozyma_californica@Seq_1720
YBR018C	yHAB158_Kazachstania_viticola@Seq_729
YKL080W	yHMPu5000035662_Meyerozyma_caribbica@Seq_2474
YHR026W	yHMPu5000034631_Martiniozyma_abiesophila@Seq_3200
YJR103W	yHMPu5000034623_Pichia_norvegensis@Seq_1248
YLR305C	Lachancea_waltii@Seq_4972
YNL117W	yHAB155_Kazachstania_spencerorum@Seq_5854
YBR121C	Metschnikowia_bowlesiae@Seq_3810
YER081W	yHMPu5000035695_Hanseniaspora_pseudoguilliermondii@Seq_2158
YLR155C	yHMPu5000035325_Cyberlindnera_petersonii@Seq_4470
YMR318C	yHAB164_Kazachstania_aerobia@Seq_2461
YJR137C	yHAB155_Kazachstania_spencerorum@Seq_4191
YMR296C	yHAB166_Kazachstania_yakushimaensis@Seq_4748
YBL030C	yHMPu5000041818_Magnusiomyces_tetrasperma@Seq_4051
YER081W	yHMPu5000035274_Wickerhamomyces_alni@Seq_5055
YDL205C	yHMPu5000035261_Candida_ponderosae@Seq_3075
YGL022W	yHAB155_Kazachstania_spencerorum@Seq_4699
YLR328W	yHMPu5000026142_Citeromyces_matritensis@Seq_5840
YER086W	yHAB166_Kazachstania_yakushimaensis@Seq_3561
YGL167C	yHAB155_Kazachstania_spencerorum@Seq_5873
YHR092C	yHAB155_Kazachstania_spencerorum@Seq_6327
YDR343C	yHAB154_Kazachstania_transvaalensis@Seq_3285
YKL104C	yHMPu5000035675_Kregervanrija_fluxuum@Seq_6320
Q0045	yHMPu5000026145_Ambrosiozyma_vanderkliftii@Seq_1058
YPR183W	yHMPu5000035695_Hanseniaspora_pseudoguilliermondii@Seq_3840
YGL008C	yHAB166_Kazachstania_yakushimaensis@Seq_1649
YHR051W	yHMPu5000034614_Saturnispora_silvae@Seq_1649
YCL030C	yHMPu5000026142_Citeromyces_matritensis@Seq_2613
YBL076C	yHMPu5000035302_Candida_fragi@Seq_2630
YNR072W	Saccharomyces_eubayanus@Seq_1544
YBR299W	Saccharomyces_mikatae@Seq_3460
YDR038C	yHMPu5000035671_Phaffomyces_antillensis@Seq_5244
YOR388C	yHMPu5000034654_Aciculoconidium_aculeatum@Seq_696
YGL008C	Metschnikowia_hawaiiensis@Seq_3386
YDL131W	yHMPu5000034670_Blastobotrys_proliferans@Seq_3381
YKL035W	yHMPu5000026142_Citeromyces_matritensis@Seq_6764
YKL165C	yHAB155_Kazachstania_spencerorum@Seq_4592
YOR303W	yHAB158_Kazachstania_viticola@Seq_5362
YPL231W	yHAB160_Kazachstania_kunashirensis@Seq_2880
YDL131W	Metschnikowia_borealis@Seq_1334
YGL234W	Spathaspora_gorwiae@Seq_268
YEL031W	yHMPu5000034952_Citeromyces_siamensis@Seq_8890
Q0045	yHMPu5000026145_Ambrosiozyma_vanderkliftii@Seq_2073
Q0045	yHMPu5000035286_Candida_azyma@Seq_3213
YMR306W	yHMPu5000034631_Martiniozyma_abiesophila@Seq_2206
Q0250	yHMPu5000034635_Nadsonia_fulvescens@Seq_840
YPR183W	yHMPu5000034604_Sporopachydermia_lactativora@Seq_5887
Q0045	yHMPu5000026145_Ambrosiozyma_vanderkliftii@Seq_3527
Q0130	yHMPu5000034635_Nadsonia_fulvescens@Seq_6537
YJL060W	yHAB155_Kazachstania_spencerorum@Seq_3344
YGL148W	yHAB134_Kazachstania_turicensis@Seq_4004
YPL274W	Saccharomyces_uvarum@Seq_1296
YMR056C	yHMPu5000034866_Zygosaccharomyces_bisporus@Seq_4323
YER174C	yHMPu5000035274_Wickerhamomyces_alni@Seq_3153
YDR342C	yHMPu5000034631_Martiniozyma_abiesophila@Seq_2345
YPR035W	yHMPu5000035699_Cyberlindnera_maclurae@Seq_3671
YMR323W	yHMPu5000026142_Citeromyces_matritensis@Seq_47
YGL225W	Saccharomyces_uvarum@Seq_925
YJR016C	yHMPu5000034947_Ambrosiozyma_philentoma@Seq_1769
YJL130C	Metschnikowia_matae_maris@Seq_1710
YML123C	yHMPu5000026137_Ambrosiozyma_ambrosiae@Seq_1465
YDL103C	yHAB158_Kazachstania_viticola@Seq_5207
YBL039C	Metschnikowia_matae@Seq_6038
YMR054W	yHMPu5000026142_Citeromyces_matritensis@Seq_934
Q0130	Spathaspora_girioi@Seq_1795
YGR254W	Metschnikowia_borealis@Seq_5728
YGL077C	yHMPu5000035686_Cyberlindnera_saturnus@Seq_404
Q0045	yHMPu5000034635_Nadsonia_fulvescens@Seq_4467
YBL045C	yHMPu5000035662_Meyerozyma_caribbica@Seq_994
YGL008C	yHMPu5000034610_Saturnispora_hagleri@Seq_2561
YNL325C	yHAB155_Kazachstania_spencerorum@Seq_639
YGR204W	yHAB155_Kazachstania_spencerorum@Seq_4069
YLR304C	yHMPu5000034952_Citeromyces_siamensis@Seq_2436
YLR143W	Metschnikowia_hamakuensis@Seq_1797
YFL053W	Lachancea_waltii@Seq_2737
YDR497C	yHMPu5000034866_Zygosaccharomyces_bisporus@Seq_2748
YLR342W	Metschnikowia_matae_maris@Seq_7002
YBR018C	yHAB158_Kazachstania_viticola@Seq_18
YER062C	yHAB153_Kazachstania_rosinii@Seq_232
YDR158W	yHMPu5000035335_Candida_blattae@Seq_3595
Q0045	yHAB136_Kazachstania_bromeliacearum@Seq_3591
YMR058W	yHMPu5000035040_Ambrosiozyma_maleeae@Seq_1296
YJL130C	Metschnikowia_matae@Seq_2653
YOL086C	Ambrosiozyma_monospora@Seq_5498
YDR050C	yHMPu5000035658_Starmera_amethionina@Seq_5584
YIR037W	Nakaseomyces_nivariensis@Seq_4444
YLL058W	yHMPu5000035674_Kregervanrija_delftensis@Seq_1417
YCL030C	yHMPu5000034623_Pichia_norvegensis@Seq_4934
YDR539W	Metschnikowia_hamakuensis@Seq_2264
YPL231W	Metschnikowia_continentalis@Seq_3326
YHR092C	yHAB158_Kazachstania_viticola@Seq_2494
YPL231W	yHMPu5000034673_Blastobotrys_nivea@Seq_9181
YGL008C	yHMPu5000034952_Citeromyces_siamensis@Seq_8777
YGL040C	Spathaspora_hagerdaliae@Seq_6604
YFL022C	yHAB155_Kazachstania_spencerorum@Seq_2300
YLR359W	Metschnikowia_hamakuensis@Seq_2450
YPR184W	yHMPu5000034952_Citeromyces_siamensis@Seq_8444
YDL243C	Saccharomyces_mikatae@Seq_532
YBR011C	yHMPu5000034760_Lipomyces_kononenkoae@Seq_1724
YER056C	yHMPu5000035687_Cyberlindnera_suaveolens@Seq_4773
YJR109C	yHAB147_Kazachstania_taianensis@Seq_3641
YBR001C	yHAB153_Kazachstania_rosinii@Seq_2806
YDR453C	Saccharomyces_mikatae@Seq_2802
Q0250	yHMPu5000041678_Debaryomyces_prosopidis@Seq_2261
YMR108W	yHMPu5000034673_Blastobotrys_nivea@Seq_8870
Q0105	yHMPu5000035675_Kregervanrija_fluxuum@Seq_1063
YKL060C	Torulaspora_delbrueckii@Seq_2840
YJR077C	yHMPu5000035335_Candida_blattae@Seq_810
YGL245W	yHMPu5000026142_Citeromyces_matritensis@Seq_6210
YBL015W	yHMPu5000034673_Blastobotrys_nivea@Seq_5232
YAL060W	yHAB153_Kazachstania_rosinii@Seq_1716
YJR155W	yHMPu5000034760_Lipomyces_kononenkoae@Seq_5756
YJL130C	yHMPu5000035261_Candida_ponderosae@Seq_5825
YFL058W	yHMPu5000034952_Citeromyces_siamensis@Seq_8953
YDL210W	yHAB133_Kazachstania_unispora@Seq_735
YPL262W	yHMPu5000034950_Citeromyces_hawaiiensis@Seq_4031
YPL028W	yHAB159_Kazachstania_solicola@Seq_149
YFL030W	Lachancea_waltii@Seq_1729
YJR016C	yHMPu5000035261_Candida_ponderosae@Seq_1616
YPL061W	yHAB166_Kazachstania_yakushimaensis@Seq_248
YNL325C	yHAB132_Kazachstania_martiniae@Seq_3755
YKL181W	yHMPu5000035274_Wickerhamomyces_alni@Seq_5838
YAL035W	yHMPu5000034615_Saturnispora_zaruensis@Seq_4165
YFL058W	Saccharomyces_paradoxus@Seq_103
YBR299W	Lachancea_cidri@Seq_3361
YDR343C	yHAB143_Kazachstania_siamensis@Seq_770
YLR081W	yHAB153_Kazachstania_rosinii@Seq_4073
YNR072W	Saccharomyces_kudriavzevii@Seq_4460
Q0130	yHAB133_Kazachstania_unispora@Seq_1640
YKL067W	yHAB159_Kazachstania_solicola@Seq_5138
YDR148C	Metschnikowia_hawaiiensis@Seq_108
YDR502C	yHMPu5000035242_Zygoascus_ofunaensis@Seq_5221
YGL006W	Lachancea_meyersii@Seq_2349
YKL104C	yHAB159_Kazachstania_solicola@Seq_2785
YPL231W	Metschnikowia_lockheadii@Seq_1085
YPR184W	yHAB155_Kazachstania_spencerorum@Seq_5586
YHR128W	yHMPu5000035261_Candida_ponderosae@Seq_3051
YLR410W	yHMPu5000035286_Candida_azyma@Seq_3183
YBR208C	yHMPu5000035261_Candida_ponderosae@Seq_6014
YBL030C	Babjeviella_inositovora@Seq_817
YDL247W	Lachancea_fantastica@Seq_3302
YDR341C	yHMPu5000035282_Trigonopsis_vinaria@Seq_4423
YOR335C	yHMPu5000035335_Candida_blattae@Seq_1189
YJR077C	yHAB158_Kazachstania_viticola@Seq_2115
YLR377C	yHAB158_Kazachstania_viticola@Seq_5167
YOR388C	Zygosaccharomyces_bailii@Seq_3433
YDL131W	yHMPu5000034952_Citeromyces_siamensis@Seq_661
YNL220W	yHMPu5000034655_Botryozyma_nematodophila@Seq_7467
YLL015W	yHMPu5000035252_Yamadazyma_nakazawae@Seq_5067
YMR105C	yHMPu5000034952_Citeromyces_siamensis@Seq_8217
YCL005W-A	yHMPu5000041829_Debaryomyces_fabryi@Seq_4623
YMR243C	yHAB159_Kazachstania_solicola@Seq_138
YLR180W	Metschnikowia_matae_maris@Seq_1368
YGR264C	yHMPu5000035243_Zygoascus_meyerae@Seq_287
YKL182W	Spathaspora_girioi@Seq_6689
YKL035W	yHAB155_Kazachstania_spencerorum@Seq_2754
YGR061C	Metschnikowia_similis@Seq_4206
YDL171C	Spathaspora_hagerdaliae@Seq_5360
YKL060C	yHMPu5000035244_Candida_incommunis@Seq_1427
YDR453C	yHAB154_Kazachstania_transvaalensis@Seq_3978
YDR147W	yHMPu5000035268_Wickerhamomyces_hampshirensis@Seq_1175
YPR074C	Wickerhamomyces_ciferrii@Seq_2941
YNL009W	Ambrosiozyma_monospora@Seq_854
YJL130C	Spathaspora_hagerdaliae@Seq_4779
YDR342C	yHAB133_Kazachstania_unispora@Seq_4409
YDR158W	yHMPu5000026142_Citeromyces_matritensis@Seq_7132
YML106W	Metschnikowia_matae@Seq_3232
YMR083W	yHMPu5000041818_Magnusiomyces_tetrasperma@Seq_72
YFL055W	Saccharomyces_arboricola@Seq_704
YPL274W	Saccharomyces_uvarum@Seq_4788
YER178W	Metschnikowia_hamakuensis@Seq_5752
YGR032W	yHAB153_Kazachstania_rosinii@Seq_4302
YPR047W	yHMPu5000034950_Citeromyces_hawaiiensis@Seq_3663
YPR062W	yHMPu5000034631_Martiniozyma_abiesophila@Seq_167
YBL030C	yHMPu5000035271_Wickerhamomyces_bovis@Seq_1673
YHR092C	yHAB143_Kazachstania_siamensis@Seq_4837
YLR304C	yHAB155_Kazachstania_spencerorum@Seq_2874
YKL029C	yHMPu5000035672_Phaffomyces_thermotolerans@Seq_1344
YER141W	yHAB154_Kazachstania_transvaalensis@Seq_2987
YDR158W	yHMPu5000026142_Citeromyces_matritensis@Seq_1151
YLR354C	yHMPu5000035699_Cyberlindnera_maclurae@Seq_5192
YPL231W	Metschnikowia_ipomoeae@Seq_1813
YNL220W	yHMPu5000034637_Ogataea_populiabae@Seq_1925
YNL241C	yHAB158_Kazachstania_viticola@Seq_1437
YBL011W	yHMPu5000034631_Martiniozyma_abiesophila@Seq_8000
YJR153W	Saccharomyces_eubayanus@Seq_3954
YEL070W	Saccharomyces_uvarum@Seq_1555
YGR175C	yHMPu5000034631_Martiniozyma_abiesophila@Seq_2415
YNR043W	yHMPu5000034952_Citeromyces_siamensis@Seq_286
YJR109C	Metschnikowia_ipomoeae@Seq_2976
YBR244W	yHMPu5000035261_Candida_ponderosae@Seq_4770
Q0130	yHMPu5000034635_Nadsonia_fulvescens@Seq_6157
YOR388C	yHMPu5000034667_Blastobotrys_serpentis@Seq_1487
YPL036W	Metschnikowia_bowlesiae@Seq_1872
YFL060C	Saccharomyces_eubayanus@Seq_598
YIL053W	yHAB153_Kazachstania_rosinii@Seq_1216
YLR134W	yHMPu5000035684_Kloeckera_hatyaiensis@Seq_3183
YGL080W	yHMPu5000034998_Cephaloascus_albidus@Seq_4841
YBR218C	Metschnikowia_borealis@Seq_2711
YCL018W	yHAB155_Kazachstania_spencerorum@Seq_6217
YGL008C	yHMPu5000034612_Saturnispora_saitoi@Seq_2505
YJR109C	yHMPu5000026142_Citeromyces_matritensis@Seq_499
YDL185W	yHMPu5000035674_Kregervanrija_delftensis@Seq_5477
YLL018C	Metschnikowia_hamakuensis@Seq_3531
YDL215C	yHMPu5000035662_Meyerozyma_caribbica@Seq_1291
YGR061C	yHMPu5000035274_Wickerhamomyces_alni@Seq_139
YKL148C	Spathaspora_hagerdaliae@Seq_3169
YOR175C	yHAB160_Kazachstania_kunashirensis@Seq_3612
YPL231W	Metschnikowia_matae@Seq_905
YBR006W	yHMPu5000035286_Candida_azyma@Seq_2848
YHR174W	yHMPu5000034760_Lipomyces_kononenkoae@Seq_3124
YAL054C	Metschnikowia_ipomoeae@Seq_3027
YDL243C	yHMPu5000034760_Lipomyces_kononenkoae@Seq_6381
YER070W	yHMPu5000034748_Lipomyces_oligophaga@Seq_642
YPL160W	yHMPu5000035675_Kregervanrija_fluxuum@Seq_3783
YGR060W	yHMPu5000034950_Citeromyces_hawaiiensis@Seq_5847
YLR359W	yHMPu5000035261_Candida_ponderosae@Seq_3663
YOR128C	Saccharomyces_mikatae@Seq_654
YKL165C	yHAB166_Kazachstania_yakushimaensis@Seq_1265
YJR110W	yHMPu5000034615_Saturnispora_zaruensis@Seq_2105
YJL216C	Saccharomyces_kudriavzevii@Seq_2356
YPL231W	yHMPu5000035325_Cyberlindnera_petersonii@Seq_824
YHR174W	yHMPu5000035018_Candida_canberraensis@Seq_1346
YBR218C	Metschnikowia_matae_maris@Seq_3699
YHR094C	yHMPu5000035684_Kloeckera_hatyaiensis@Seq_3088
YHR025W	yHMPu5000034950_Citeromyces_hawaiiensis@Seq_1533
YGR192C	yHMPu5000035046_Barnettozyma_populi@Seq_1313
YOR332W	yHAB132_Kazachstania_martiniae@Seq_5332
YBL076C	yHMPu5000034952_Citeromyces_siamensis@Seq_11770
YPL231W	Metschnikowia_hawaiiensis@Seq_4749
YOL086C	Yarrowia_lipolytica@Seq_5476
YGR094W	Metschnikowia_mauinuiana@Seq_3256
YDL245C	Saccharomyces_eubayanus@Seq_2501
YER090W	Metschnikowia_hamakuensis@Seq_4127
YBR019C	yHMPu5000026152_Torulaspora_franciscae@Seq_3625
YBR127C	yHMPu5000034636_Ogataea_nitratoaversa@Seq_1328
YBL099W	yHAB166_Kazachstania_yakushimaensis@Seq_5411
YKL085W	yHAB159_Kazachstania_solicola@Seq_2205
Q0130	yHMPu5000034635_Nadsonia_fulvescens@Seq_6572
YKL127W	Naumovozyma_dairenensis@Seq_3748
YGL008C	yHMPu5000035261_Candida_ponderosae@Seq_4112
YOR011W	yHAB155_Kazachstania_spencerorum@Seq_4197
YHR104W	yHAB160_Kazachstania_kunashirensis@Seq_5180
YJR109C	yHAB147_Kazachstania_taianensis@Seq_4854
YBR121C	yHMPu5000034950_Citeromyces_hawaiiensis@Seq_307
YLR304C	Metschnikowia_arizonensis@Seq_254
YNL104C	yHMPu5000034952_Citeromyces_siamensis@Seq_1682
YDR516C	yHAB134_Kazachstania_turicensis@Seq_726
YHL003C	yHMPu5000035261_Candida_ponderosae@Seq_5403
YBR248C	yHMPu5000034631_Martiniozyma_abiesophila@Seq_7979
YCR011C	Metschnikowia_continentalis@Seq_3440
YER091C	Metschnikowia_borealis@Seq_5140
YGR144W	yHMPu5000035629_Yueomyces_sinensis@Seq_4837
YNL268W	yHMPu5000035675_Kregervanrija_fluxuum@Seq_752
YOR283W	yHAB155_Kazachstania_spencerorum@Seq_4061
YOL103W	yHMPu5000034952_Citeromyces_siamensis@Seq_9204
YGL225W	yHAB132_Kazachstania_martiniae@Seq_2037
YBR020W	yHAB153_Kazachstania_rosinii@Seq_1275
YDR037W	yHAB155_Kazachstania_spencerorum@Seq_3299
YGR010W	yHMPu5000034631_Martiniozyma_abiesophila@Seq_6098
YNL220W	yHMPu5000035032_Candida_gatunensis@Seq_1145
YLR089C	yHAB160_Kazachstania_kunashirensis@Seq_726
YPL059W	Metschnikowia_mauinuiana@Seq_5680
YDR483W	yHAB166_Kazachstania_yakushimaensis@Seq_166
YGL055W	yHAB159_Kazachstania_solicola@Seq_2505
YBR293W	yHMPu5000035651_Torulaspora_microellipsoides@Seq_4359
YIR037W	Candida_tropicalis@Seq_5028
YLL018C	yHMPu5000035244_Candida_incommunis@Seq_1507
YOR176W	yHMPu5000034673_Blastobotrys_nivea@Seq_6800
YDL246C	Saccharomyces_paradoxus@Seq_2972
YBR018C	yHAB133_Kazachstania_unispora@Seq_4186
YDR502C	yHMPu5000035662_Meyerozyma_caribbica@Seq_3682
YCR024C-A	yHAB155_Kazachstania_spencerorum@Seq_5151
YGR185C	Hanseniaspora_valbyensis@Seq_3023
YMR306W	yHAB134_Kazachstania_turicensis@Seq_4798
YBR034C	yHMPu5000035650_Trigonopsis_variabilis@Seq_4599
Q0130	yHMPu5000034635_Nadsonia_fulvescens@Seq_3738
YNL071W	Saccharomycopsis_malanga@Seq_1991
YLR044C	yHMPu5000034876_Tetrapisispora_iriomotensis@Seq_3073
YBR035C	yHAB160_Kazachstania_kunashirensis@Seq_2230
YLR305C	Lachancea_waltii@Seq_3660
YNR072W	Saccharomyces_paradoxus@Seq_4738
Q0045	yHMPu5000026145_Ambrosiozyma_vanderkliftii@Seq_713
YER052C	yHAB159_Kazachstania_solicola@Seq_1278
YMR099C	yHAB155_Kazachstania_spencerorum@Seq_2163
YDL171C	yHMPu5000034631_Martiniozyma_abiesophila@Seq_9951
YLR328W	Spathaspora_girioi@Seq_5190
YHR072W	yHAB159_Kazachstania_solicola@Seq_4529
Q0045	yHMPu5000034635_Nadsonia_fulvescens@Seq_6316
YOR335C	yHMPu5000035686_Cyberlindnera_saturnus@Seq_1887
YPR160W	Metschnikowia_drakensbergensis@Seq_708
YLR355C	Metschnikowia_hamakuensis@Seq_3826
YLL048C	yHAB155_Kazachstania_spencerorum@Seq_4090
YPL262W	yHMPu5000041840_Candida_wancherniae@Seq_4817
YDL171C	yHMPu5000035662_Meyerozyma_caribbica@Seq_3894
YDR342C	Kazachstania_naganishii@Seq_324
YDR135C	yHMPu5000035252_Yamadazyma_nakazawae@Seq_5080
YBR299W	yHMPu5000034946_Ambrosiozyma_oregonensis@Seq_1769
YPR035W	yHMPu5000034655_Botryozyma_nematodophila@Seq_5697
YLR044C	yHAB134_Kazachstania_turicensis@Seq_3999
YGL026C	Metschnikowia_mauinuiana@Seq_1034
YPL059W	Metschnikowia_bowlesiae@Seq_3185
YKL103C	Metschnikowia_dekortum@Seq_20
YIL053W	yHAB153_Kazachstania_rosinii@Seq_3257
YPL091W	yHMPu5000034952_Citeromyces_siamensis@Seq_4010
YNL104C	yHMPu5000035703_Cyberlindnera_americana@Seq_448
YOR108W	Metschnikowia_hamakuensis@Seq_5396
YDL198C	yHMPu5000035335_Candida_blattae@Seq_1554
YEL070W	yHMPu5000035651_Torulaspora_microellipsoides@Seq_4629
YLL041C	yHMPu5000034952_Citeromyces_siamensis@Seq_12034
Q0045	yHMPu5000034665_Kodamaea_laetipori@Seq_4147
YOL068C	yHAB159_Kazachstania_solicola@Seq_3930
YER060W-A	yHAB148_Kazachstania_intestinalis@Seq_2378
YLR214W	Saccharomyces_eubayanus@Seq_2353
YDL243C	Lachancea_dasiensis@Seq_3335
YGR287C	yHMPu5000026152_Torulaspora_franciscae@Seq_1380
YGR143W	yHAB155_Kazachstania_spencerorum@Seq_4098
YDR062W	yHAB155_Kazachstania_spencerorum@Seq_1836
YPL110C	Metschnikowia_hamakuensis@Seq_4001
YPL160W	Metschnikowia_hawaiiensis@Seq_1044
YLR134W	yHMPu5000034866_Zygosaccharomyces_bisporus@Seq_1251
YJR049C	yHAB159_Kazachstania_solicola@Seq_5858
YBR229C	yHAB155_Kazachstania_spencerorum@Seq_93
YDL182W	yHMPu5000034952_Citeromyces_siamensis@Seq_3768
YBR208C	Metschnikowia_matae_maris@Seq_5208
Q0105	yHMPu5000034635_Nadsonia_fulvescens@Seq_3130
YCR010C	yHAB132_Kazachstania_martiniae@Seq_3582
YKL212W	yHMPu5000035675_Kregervanrija_fluxuum@Seq_1463
YGR032W	yHMPu5000035665_Middelhovenomyces_tepae@Seq_3899
Q0045	yHMPu5000034635_Nadsonia_fulvescens@Seq_896
YIL094C	yHMPu5000035658_Starmera_amethionina@Seq_3659
YGL062W	yHAB166_Kazachstania_yakushimaensis@Seq_5040
YFL059W	yHMPu5000034655_Botryozyma_nematodophila@Seq_2194
YBR192W	yHMPu5000035274_Wickerhamomyces_alni@Seq_4126
YGR244C	yHAB159_Kazachstania_solicola@Seq_3231
YGL119W	yHMPu5000034749_Lipomyces_mesembrius@Seq_7406
YOL097C	yHMPu5000034946_Ambrosiozyma_oregonensis@Seq_6508
YBR221C	yHMPu5000035675_Kregervanrija_fluxuum@Seq_1289
YJL129C	yHMPu5000041713_Debaryomyces_maramus@Seq_2804
YOR303W	yHMPu5000035282_Trigonopsis_vinaria@Seq_479
YMR054W	yHMPu5000034950_Citeromyces_hawaiiensis@Seq_2018
Q0105	Meyerozyma_guilliermondii@Seq_4481
YJL045W	yHMPu5000035041_Ambrosiozyma_pseudovanderkliftii@Seq_4070
YOR388C	yHMPu5000034654_Aciculoconidium_aculeatum@Seq_4126
YCR053W	Naumovozyma_castellii@Seq_2965
YLR044C	yHMPu5000035684_Kloeckera_hatyaiensis@Seq_2441
YGR192C	yHAB133_Kazachstania_unispora@Seq_4238
YMR217W	yHAB155_Kazachstania_spencerorum@Seq_3687
YDR342C	yHAB153_Kazachstania_rosinii@Seq_31
YKR061W	yHMPu5000041713_Debaryomyces_maramus@Seq_4447
YHR092C	yHAB134_Kazachstania_turicensis@Seq_3939
YGL001C	yHMPu5000034952_Citeromyces_siamensis@Seq_8309
YDR538W	Metschnikowia_borealis@Seq_2765
YJL052W	yHMPu5000034952_Citeromyces_siamensis@Seq_3173
YBR084W	yHMPu5000035696_Hanseniaspora_singularis@Seq_1876
YPL234C	Metschnikowia_hawaiiensis@Seq_5018
YBR034C	yHMPu5000041829_Debaryomyces_fabryi@Seq_5481
YLR303W	Metschnikowia_matae@Seq_4510
YLR410W	Spathaspora_girioi@Seq_3366
YDL024C	Saccharomyces_arboricola@Seq_1113
YMR243C	yHMPu5000034631_Martiniozyma_abiesophila@Seq_5501
YLR351C	yHMPu5000026142_Citeromyces_matritensis@Seq_4894
YJR148W	yHMPu5000035665_Middelhovenomyces_tepae@Seq_6032
YOR335C	Metschnikowia_ipomoeae@Seq_5647
YDR342C	yHAB133_Kazachstania_unispora@Seq_2940
YHR008C	Metschnikowia_hamakuensis@Seq_346
YGR264C	yHMPu5000035335_Candida_blattae@Seq_2513
YER062C	yHAB153_Kazachstania_rosinii@Seq_2095
YOR074C	yHMPu5000035675_Kregervanrija_fluxuum@Seq_6417
YBL030C	yHMPu5000034673_Blastobotrys_nivea@Seq_9600
YMR083W	yHMPu5000041818_Magnusiomyces_tetrasperma@Seq_8051
YHR174W	yHMPu5000035018_Candida_canberraensis@Seq_961
YGR171C	yHMPu5000034947_Ambrosiozyma_philentoma@Seq_6486
YDR158W	yHMPu5000026142_Citeromyces_matritensis@Seq_237
YIL116W	yHMPu5000034631_Martiniozyma_abiesophila@Seq_8109
YBR034C	yHAB155_Kazachstania_spencerorum@Seq_3336
YDL185W	yHMPu5000034631_Martiniozyma_abiesophila@Seq_4349
YLR044C	yHAB134_Kazachstania_turicensis@Seq_753
YER086W	Hanseniaspora_valbyensis@Seq_848
YKL140W	yHAB166_Kazachstania_yakushimaensis@Seq_3962
YDR343C	yHAB143_Kazachstania_siamensis@Seq_2362
YGR287C	Saccharomyces_kudriavzevii@Seq_2581
YGR185C	yHMPu5000034952_Citeromyces_siamensis@Seq_10941
YOL058W	yHMPu5000026142_Citeromyces_matritensis@Seq_781
YLR244C	yHMPu5000034631_Martiniozyma_abiesophila@Seq_843
YPL110C	yHMPu5000035047_Barnettozyma_pratensis@Seq_4485
YJL088W	yHMPu5000034631_Martiniozyma_abiesophila@Seq_6537
YDR035W	yHMPu5000026142_Citeromyces_matritensis@Seq_6889
YDL015C	yHMPu5000035684_Kloeckera_hatyaiensis@Seq_3357
YLR044C	yHMPu5000035268_Wickerhamomyces_hampshirensis@Seq_724
YDR038C	yHMPu5000034625_Pichia_kudriavzevii@Seq_2162
YBR039W	yHMPu5000026142_Citeromyces_matritensis@Seq_4904
YHR013C	yHMPu5000035667_Kurtzmaniella_cleridarum@Seq_4984
YKL001C	Spathaspora_hagerdaliae@Seq_6477
YJR016C	yHAB155_Kazachstania_spencerorum@Seq_4100
YDR062W	yHAB155_Kazachstania_spencerorum@Seq_5717
YFR044C	yHAB159_Kazachstania_solicola@Seq_3558
Q0045	Spathaspora_girioi@Seq_1814
YDR232W	yHMPu5000034611_Saturnispora_mendoncae@Seq_2010
YPL160W	yHMPu5000035703_Cyberlindnera_americana@Seq_1499
YLR447C	yHMPu5000026142_Citeromyces_matritensis@Seq_1652
YPL160W	yHMPu5000035703_Cyberlindnera_americana@Seq_3081
YML123C	yHMPu5000034631_Martiniozyma_abiesophila@Seq_11763
YJL214W	Saccharomyces_mikatae@Seq_729
YDL131W	yHMPu5000034665_Kodamaea_laetipori@Seq_3839
YGR282C	yHAB160_Kazachstania_kunashirensis@Seq_3094
YHR043C	yHAB132_Kazachstania_martiniae@Seq_357
YER090W	yHMPu5000035673_Candida_orba@Seq_4259
YDR342C	yHAB143_Kazachstania_siamensis@Seq_2868
YGR061C	yHMPu5000035662_Meyerozyma_caribbica@Seq_3714
YDL171C	Metschnikowia_continentalis@Seq_3306
YKR089C	yHAB159_Kazachstania_solicola@Seq_229
YPR069C	yHMPu5000034952_Citeromyces_siamensis@Seq_5416
YMR241W	yHMPu5000034986_Candida_oregonensis@Seq_897
YIL078W	Metschnikowia_ipomoeae@Seq_5364
YFL054C	yHMPu5000026152_Torulaspora_franciscae@Seq_3013
YER043C	yHMPu5000034952_Citeromyces_siamensis@Seq_6665
YHR183W	yHMPu5000034890_Ogataea_ramenticola@Seq_265
YDR001C	yHAB134_Kazachstania_turicensis@Seq_1467
YBL076C	yHAB159_Kazachstania_solicola@Seq_2264
YCR053W	Metschnikowia_lockheadii@Seq_2176
YJR121W	yHMPu5000034655_Botryozyma_nematodophila@Seq_5429
YDR208W	yHAB143_Kazachstania_siamensis@Seq_2674
YBR092C	Saccharomyces_eubayanus@Seq_3390
YER178W	Metschnikowia_hamakuensis@Seq_661
YLL057C	yHMPu5000035302_Candida_fragi@Seq_602
YBL076C	yHMPu5000034892_Ogataea_pilisensis@Seq_312
YLR081W	yHAB153_Kazachstania_rosinii@Seq_683
YKL103C	yHMPu5000035675_Kregervanrija_fluxuum@Seq_541
Q0045	yHMPu5000034635_Nadsonia_fulvescens@Seq_1812
YIL078W	yHMPu5000035662_Meyerozyma_caribbica@Seq_2885
YDL243C	Saccharomyces_arboricola@Seq_4210
Q0105	yHMPu5000035652_Torulaspora_maleeae@Seq_4301
Q0045	yHMPu5000026145_Ambrosiozyma_vanderkliftii@Seq_43
YPL036W	Metschnikowia_borealis@Seq_4958
YKL188C	yHAB159_Kazachstania_solicola@Seq_3762
YNR001C	yHAB155_Kazachstania_spencerorum@Seq_6211
YGR157W	yHAB155_Kazachstania_spencerorum@Seq_2416
YDR268W	yHMPu5000035675_Kregervanrija_fluxuum@Seq_2496
YPR145W	Pachysolen_tannophilus@Seq_2673
YDR135C	yHMPu5000035268_Wickerhamomyces_hampshirensis@Seq_4157
YDR232W	yHMPu5000035675_Kregervanrija_fluxuum@Seq_5760
YGR244C	Metschnikowia_drakensbergensis@Seq_4941
YMR300C	yHAB134_Kazachstania_turicensis@Seq_283
Q0045	yHMPu5000026145_Ambrosiozyma_vanderkliftii@Seq_438
YIR031C	yHAB158_Kazachstania_viticola@Seq_1009
YOL157C	yHMPu5000034862_Zygotorulaspora_florentina@Seq_4058
YLR432W	yHAB134_Kazachstania_turicensis@Seq_2745
YPR033C	yHMPu5000035662_Meyerozyma_caribbica@Seq_3311
YKR009C	yHMPu5000034631_Martiniozyma_abiesophila@Seq_12307
YDR127W	yHMPu5000034615_Saturnispora_zaruensis@Seq_3795
YOR348C	yHMPu5000035665_Middelhovenomyces_tepae@Seq_4614
YPL135W	yHMPu5000035261_Candida_ponderosae@Seq_5963
YMR108W	Metschnikowia_borealis@Seq_1184
YKL152C	yHMPu5000035654_Tortispora_ganteri@Seq_942
YOL130W	Pachysolen_tannophilus@Seq_507
YBL033C	yHMPu5000034749_Lipomyces_mesembrius@Seq_4359
YJL153C	Candida_carpophila@Seq_693
YBR121C	yHMPu5000035679_Candida_rhagii@Seq_2373
YPR035W	yHAB158_Kazachstania_viticola@Seq_4078
YHR128W	yHAB160_Kazachstania_kunashirensis@Seq_2434
YDL185W	Metschnikowia_borealis@Seq_4809
YPL036W	Metschnikowia_hamakuensis@Seq_5154
YIL066C	yHMPu5000034890_Ogataea_ramenticola@Seq_1846
YLR134W	yHMPu5000034866_Zygosaccharomyces_bisporus@Seq_1494
YGL026C	yHMPu5000035679_Candida_rhagii@Seq_5548
YGR204W	yHMPu5000035261_Candida_ponderosae@Seq_6848
YPL028W	yHMPu5000034947_Ambrosiozyma_philentoma@Seq_1116
YLR044C	yHAB160_Kazachstania_kunashirensis@Seq_4416
YBL030C	Tetrapisispora_phaffii@Seq_1147
YBR127C	yHMPu5000034952_Citeromyces_siamensis@Seq_8895
YJR009C	Naumovozyma_dairenensis@Seq_4961
YLR304C	yHMPu5000034918_Nakazawaea_holstii@Seq_1659
YPL110C	yHMPu5000034631_Martiniozyma_abiesophila@Seq_5390
YMR083W	yHMPu5000041818_Magnusiomyces_tetrasperma@Seq_5934
YGL234W	Hanseniaspora_valbyensis@Seq_4761
YJR104C	yHMPu5000034631_Martiniozyma_abiesophila@Seq_2246
YDL182W	yHMPu5000034604_Sporopachydermia_lactativora@Seq_3827
YDR342C	yHAB133_Kazachstania_unispora@Seq_3118
YPR002W	yHAB134_Kazachstania_turicensis@Seq_1008
YOL086C	yHMPu5000035695_Hanseniaspora_pseudoguilliermondii@Seq_4250
YOR226C	yHAB158_Kazachstania_viticola@Seq_1067
YNR072W	Saccharomyces_eubayanus@Seq_2947
YOR202W	yHAB166_Kazachstania_yakushimaensis@Seq_2727
YDR135C	yHMPu5000034655_Botryozyma_nematodophila@Seq_4255
YCL017C	yHMPu5000026124_Ogataea_henricii@Seq_3901
YPL028W	yHMPu5000026142_Citeromyces_matritensis@Seq_4427
YHR019C	yHMPu5000034952_Citeromyces_siamensis@Seq_1791
YPL262W	Metschnikowia_lockheadii@Seq_1491
YCL005W-A	yHAB154_Kazachstania_transvaalensis@Seq_4169
YNR016C	Metschnikowia_similis@Seq_4614
YGL026C	Metschnikowia_borealis@Seq_5565
YML054C	yHMPu5000034952_Citeromyces_siamensis@Seq_10981
Q0250	Spathaspora_girioi@Seq_4891
YBR084W	yHMPu5000034974_Deakozyma_indianensis@Seq_4573
YKR039W	yHMPu5000034963_Hanseniaspora_clermontiae@Seq_2782
YLR450W	yHMPu5000035268_Wickerhamomyces_hampshirensis@Seq_1784
YIL066C	yHMPu5000035675_Kregervanrija_fluxuum@Seq_1150
YMR303C	yHMPu5000035695_Hanseniaspora_pseudoguilliermondii@Seq_2569
YGR155W	yHMPu5000034952_Citeromyces_siamensis@Seq_3730
YBR035C	yHAB159_Kazachstania_solicola@Seq_5655
YLL041C	yHMPu5000035662_Meyerozyma_caribbica@Seq_4356
YER073W	yHAB158_Kazachstania_viticola@Seq_5305
YBR084W	yHMPu5000035261_Candida_ponderosae@Seq_1902
YLR308W	yHAB160_Kazachstania_kunashirensis@Seq_1820
YBR235W	yHMPu5000034631_Martiniozyma_abiesophila@Seq_6569
YJL052W	yHMPu5000034635_Nadsonia_fulvescens@Seq_4372
YPR183W	yHMPu5000035695_Hanseniaspora_pseudoguilliermondii@Seq_1416
YOR100C	yHMPu5000034655_Botryozyma_nematodophila@Seq_9949
YPL234C	yHMPu5000034655_Botryozyma_nematodophila@Seq_1481
YBL076C	yHAB159_Kazachstania_solicola@Seq_1652
YEL069C	Saccharomyces_paradoxus@Seq_356
YLR328W	Saitoella_complicata@Seq_5291
YHR092C	Tetrapisispora_blattae@Seq_1400
YLR044C	yHMPu5000035684_Kloeckera_hatyaiensis@Seq_3673
Q0045	yHMPu5000026145_Ambrosiozyma_vanderkliftii@Seq_2297
YCR024C-A	Saccharomyces_mikatae@Seq_3008
YLR172C	yHMPu5000034952_Citeromyces_siamensis@Seq_3116
YMR303C	Candida_sojae@Seq_4481
YMR189W	yHAB155_Kazachstania_spencerorum@Seq_3771
YPL274W	yHAB153_Kazachstania_rosinii@Seq_542
YJR121W	yHMPu5000034963_Hanseniaspora_clermontiae@Seq_138
YHL011C	yHMPu5000035658_Starmera_amethionina@Seq_5773
YDR342C	yHAB143_Kazachstania_siamensis@Seq_5048
YIL053W	yHAB153_Kazachstania_rosinii@Seq_866
YLR304C	yHMPu5000035672_Phaffomyces_thermotolerans@Seq_5085
YAL022C	yHAB158_Kazachstania_viticola@Seq_846
YFL018C	yHMPu5000034631_Martiniozyma_abiesophila@Seq_9182
YAL023C	Vanderwaltozyma_polyspora@Seq_4439
YER099C	yHMPu5000034655_Botryozyma_nematodophila@Seq_8800
YER081W	Metschnikowia_hawaiiensis@Seq_593
YMR108W	yHMPu5000034877_Tetrapisispora_namnaonensis@Seq_5739
YDR035W	yHMPu5000035261_Candida_ponderosae@Seq_5758
Q0045	yHMPu5000034635_Nadsonia_fulvescens@Seq_2745
YJR077C	yHMPu5000034631_Martiniozyma_abiesophila@Seq_4710
YML056C	Saccharomyces_kudriavzevii@Seq_832
YLR304C	yHMPu5000034918_Nakazawaea_holstii@Seq_4259
YKL165C	yHAB158_Kazachstania_viticola@Seq_5130
YLR044C	yHMPu5000035684_Kloeckera_hatyaiensis@Seq_1581
YJL005W	yHMPu5000034760_Lipomyces_kononenkoae@Seq_5659
YDR341C	Lachancea_waltii@Seq_1152
YKR097W	yHMPu5000034950_Citeromyces_hawaiiensis@Seq_4544
YPL147W	yHMPu5000034946_Ambrosiozyma_oregonensis@Seq_2469
YFL058W	Saccharomyces_mikatae@Seq_591
Q0250	yHMPu5000034635_Nadsonia_fulvescens@Seq_5468
Q0130	yHMPu5000034635_Nadsonia_fulvescens@Seq_4448
YJL153C	Metschnikowia_bowlesiae@Seq_1351
YLR172C	yHAB159_Kazachstania_solicola@Seq_163
YOL086C	yHMPu5000041818_Magnusiomyces_tetrasperma@Seq_368
YBR218C	Metschnikowia_matae@Seq_404
YLR258W	yHMPu5000041840_Candida_wancherniae@Seq_4186
YLR303W	yHMPu5000035261_Candida_ponderosae@Seq_349
YGL008C	Geotrichum_candidum@Seq_3508
YNR016C	Lachancea_waltii@Seq_4666
YOR388C	Spathaspora_gorwiae@Seq_849
YLR355C	yHMPu5000034631_Martiniozyma_abiesophila@Seq_5378
YPR033C	yHMPu5000034625_Pichia_kudriavzevii@Seq_1461
YDR023W	Metschnikowia_hawaiiensis@Seq_5402
YDR234W	Spathaspora_gorwiae@Seq_4610
YLR354C	yHMPu5000034950_Citeromyces_hawaiiensis@Seq_5955
YNR001C	Metschnikowia_cerradonensis@Seq_2958
YGR192C	yHMPu5000035046_Barnettozyma_populi@Seq_3551
YMR323W	yHMPu5000035641_Yamadazyma_scolyti@Seq_4355
YHR051W	yHMPu5000034631_Martiniozyma_abiesophila@Seq_6996
YNR067C	yHMPu5000034611_Saturnispora_mendoncae@Seq_1094
YER056C	yHAB148_Kazachstania_intestinalis@Seq_570
YJL121C	yHAB155_Kazachstania_spencerorum@Seq_1814
YFL054C	yHMPu5000034952_Citeromyces_siamensis@Seq_8002
YMR108W	yHMPu5000035665_Middelhovenomyces_tepae@Seq_3410
YOR221C	yHAB166_Kazachstania_yakushimaensis@Seq_3114
YJL130C	yHMPu5000034612_Saturnispora_saitoi@Seq_4086
YMR246W	yHAB155_Kazachstania_spencerorum@Seq_538
YBR011C	yHMPu5000034990_Candida_corydali@Seq_4932
YBR222C	yHMPu5000035271_Wickerhamomyces_bovis@Seq_5324
YOR374W	yHMPu5000035018_Candida_canberraensis@Seq_585
YHR106W	Lachancea_waltii@Seq_3263
YJR095W	yHAB155_Kazachstania_spencerorum@Seq_5407
YLR382C	yHMPu5000026142_Citeromyces_matritensis@Seq_962
YLL048C	yHMPu5000035261_Candida_ponderosae@Seq_3246
YLR134W	yHMPu5000035684_Kloeckera_hatyaiensis@Seq_2965
YLR355C	Metschnikowia_ipomoeae@Seq_2167
YKL215C	yHAB159_Kazachstania_solicola@Seq_1888
YGR155W	yHMPu5000035703_Cyberlindnera_americana@Seq_316
YBL076C	Metschnikowia_kamakouana@Seq_880
YDR345C	yHAB153_Kazachstania_rosinii@Seq_1415
YJL153C	yHMPu5000034933_Kuraishia_molischiana@Seq_4189
YFR047C	yHAB132_Kazachstania_martiniae@Seq_1908
YMR300C	yHAB155_Kazachstania_spencerorum@Seq_1434
YBL064C	yHMPu5000035672_Phaffomyces_thermotolerans@Seq_3719
YOL122C	yHMPu5000034673_Blastobotrys_nivea@Seq_4414
YGR192C	yHMPu5000034952_Citeromyces_siamensis@Seq_4866
YFL045C	yHAB158_Kazachstania_viticola@Seq_5318
YCL017C	yHMPu5000035261_Candida_ponderosae@Seq_5360
YNR016C	Lachancea_waltii@Seq_3717
YMR241W	yHAB155_Kazachstania_spencerorum@Seq_2717
YEL051W	yHMPu5000034952_Citeromyces_siamensis@Seq_1609
YOL151W	yHAB159_Kazachstania_solicola@Seq_1424
YDR135C	yHAB155_Kazachstania_spencerorum@Seq_3266
YGR185C	yHMPu5000034950_Citeromyces_hawaiiensis@Seq_39
YDR158W	yHMPu5000035673_Candida_orba@Seq_5523
YGL062W	yHMPu5000034655_Botryozyma_nematodophila@Seq_5483
YJR133W	yHAB134_Kazachstania_turicensis@Seq_1279
YMR202W	yHMPu5000035679_Candida_rhagii@Seq_1466
YIL125W	Metschnikowia_matae_maris@Seq_2022
YJR009C	Saccharomyces_kudriavzevii@Seq_1424
YGR192C	yHAB133_Kazachstania_unispora@Seq_3410
YBR299W	yHMPu5000041678_Debaryomyces_prosopidis@Seq_3265
YGL167C	yHMPu5000034952_Citeromyces_siamensis@Seq_3551
YHR008C	Metschnikowia_hamakuensis@Seq_788
YLR044C	Zygosaccharomyces_bailii@Seq_3782
YNL247W	Metschnikowia_cerradonensis@Seq_1243
YJL200C	yHMPu5000035675_Kregervanrija_fluxuum@Seq_3702
YLR304C	yHMPu5000034673_Blastobotrys_nivea@Seq_7588
YER026C	yHAB159_Kazachstania_solicola@Seq_2606
YGL006W	yHMPu5000041840_Candida_wancherniae@Seq_1816
YMR241W	yHAB159_Kazachstania_solicola@Seq_3533
YNR001C	Metschnikowia_hamakuensis@Seq_490
YDR127W	Metschnikowia_mauinuiana@Seq_691
YOR142W	yHMPu5000035335_Candida_blattae@Seq_770
YJL045W	yHMPu5000035041_Ambrosiozyma_pseudovanderkliftii@Seq_954
YNR016C	yHMPu5000035261_Candida_ponderosae@Seq_1027
YKL165C	yHAB134_Kazachstania_turicensis@Seq_493
YKL150W	Saccharomyces_arboricola@Seq_3409
YOL066C	yHAB134_Kazachstania_turicensis@Seq_3929
YOL086C	yHAB158_Kazachstania_viticola@Seq_2515
YDL178W	yHAB155_Kazachstania_spencerorum@Seq_5190
YMR011W	yHMPu5000035335_Candida_blattae@Seq_4976
Q0130	yHMPu5000034635_Nadsonia_fulvescens@Seq_3323
YPL231W	yHMPu5000035325_Cyberlindnera_petersonii@Seq_2375
YJL216C	Saccharomyces_mikatae@Seq_2244
YDR023W	yHMPu5000034631_Martiniozyma_abiesophila@Seq_6136
YMR323W	Saccharomyces_paradoxus@Seq_760
YFL059W	yHMPu5000034952_Citeromyces_siamensis@Seq_10947
YFR025C	yHMPu5000034648_Candida_restingae@Seq_4633
YFR047C	yHMPu5000035675_Kregervanrija_fluxuum@Seq_5183
YGR255C	yHAB160_Kazachstania_kunashirensis@Seq_3293
YGL245W	yHMPu5000034950_Citeromyces_hawaiiensis@Seq_1567
YJR139C	yHMPu5000026142_Citeromyces_matritensis@Seq_6252
YML035C	yHAB153_Kazachstania_rosinii@Seq_1024
YDR226W	yHAB166_Kazachstania_yakushimaensis@Seq_3305
YMR205C	yHMPu5000035318_Hyphopichia_heimii@Seq_1950
YIL107C	yHMPu5000035261_Candida_ponderosae@Seq_4274
YOL086C	yHMPu5000035695_Hanseniaspora_pseudoguilliermondii@Seq_2273
YGL062W	yHAB155_Kazachstania_spencerorum@Seq_5658
YKR039W	yHMPu5000034963_Hanseniaspora_clermontiae@Seq_3232
YDL178W	yHAB155_Kazachstania_spencerorum@Seq_5619
YHR068W	yHMPu5000034952_Citeromyces_siamensis@Seq_7401
YGL008C	Metschnikowia_proteae@Seq_4570
YER091C	yHMPu5000035261_Candida_ponderosae@Seq_5480
Q0250	yHMPu5000034946_Ambrosiozyma_oregonensis@Seq_515
YJL155C	yHMPu5000034952_Citeromyces_siamensis@Seq_558
YDL168W	yHAB155_Kazachstania_spencerorum@Seq_4802
YGL245W	yHMPu5000034952_Citeromyces_siamensis@Seq_452
YGL055W	yHAB155_Kazachstania_spencerorum@Seq_4263
YGL012W	yHAB166_Kazachstania_yakushimaensis@Seq_4664
YBL030C	yHMPu5000041818_Magnusiomyces_tetrasperma@Seq_8536
YHR183W	yHMPu5000035684_Kloeckera_hatyaiensis@Seq_2575
YOR155C	yHAB155_Kazachstania_spencerorum@Seq_3891
YDR047W	yHAB155_Kazachstania_spencerorum@Seq_6203
YBL030C	yHMPu5000034673_Blastobotrys_nivea@Seq_4513
YGR088W	yHMPu5000034918_Nakazawaea_holstii@Seq_5058
YOL058W	yHMPu5000035675_Kregervanrija_fluxuum@Seq_2852
YBR126C	Metschnikowia_borealis@Seq_2383
YLL031C	yHAB155_Kazachstania_spencerorum@Seq_3267
YOR375C	yHMPu5000035261_Candida_ponderosae@Seq_726
Q0045	yHAB136_Kazachstania_bromeliacearum@Seq_1663
YPR160W	yHMPu5000034673_Blastobotrys_nivea@Seq_513
YLR410W	Spathaspora_girioi@Seq_5482
YAL012W	yHMPu5000034665_Kodamaea_laetipori@Seq_3113
YKR039W	yHMPu5000034963_Hanseniaspora_clermontiae@Seq_211
YDR047W	yHMPu5000035282_Trigonopsis_vinaria@Seq_497
YBL099W	yHMPu5000035667_Kurtzmaniella_cleridarum@Seq_1528
YJL216C	Saccharomyces_kudriavzevii@Seq_2698
YHR025W	yHMPu5000034748_Lipomyces_oligophaga@Seq_2631
YGR143W	Metschnikowia_santaceciliae@Seq_122
YBL076C	yHMPu5000041840_Candida_wancherniae@Seq_2600
YDR342C	Saccharomyces_eubayanus@Seq_3029
YDL066W	yHMPu5000034973_Danielozyma_ontarioensis@Seq_3904
YJR109C	yHMPu5000034631_Martiniozyma_abiesophila@Seq_6126
YNL142W	yHMPu5000035261_Candida_ponderosae@Seq_4865
YGR287C	yHMPu5000026152_Torulaspora_franciscae@Seq_1367
YLR348C	yHAB155_Kazachstania_spencerorum@Seq_4101
YKL152C	yHAB155_Kazachstania_spencerorum@Seq_5411
YHR025W	yHMPu5000034952_Citeromyces_siamensis@Seq_6122
YJL130C	yHMPu5000035643_Yarrowia_bubula@Seq_6541
YGL167C	yHAB155_Kazachstania_spencerorum@Seq_1873
Q0045	yHMPu5000035243_Zygoascus_meyerae@Seq_2979
YPL061W	yHAB134_Kazachstania_turicensis@Seq_2342
YGL245W	yHAB147_Kazachstania_taianensis@Seq_448
YJR152W	Lachancea_waltii@Seq_4382
YGR087C	yHMPu5000035699_Cyberlindnera_maclurae@Seq_3468
YJL200C	yHMPu5000034952_Citeromyces_siamensis@Seq_5426
YLR377C	yHMPu5000035335_Candida_blattae@Seq_4359
YGR061C	Metschnikowia_similis@Seq_1237
YEL024W	Metschnikowia_dekortum@Seq_281
YPL231W	yHMPu5000035325_Cyberlindnera_petersonii@Seq_1501
YLR304C	Metschnikowia_lockheadii@Seq_3653
YLR044C	yHMPu5000026142_Citeromyces_matritensis@Seq_590
YBR196C	yHMPu5000034952_Citeromyces_siamensis@Seq_4363
YBR221C	yHMPu5000034952_Citeromyces_siamensis@Seq_4503
YBR299W	Lachancea_cidri@Seq_3535
YBL091C	Lachancea_waltii@Seq_5123
YBR084W	yHMPu5000034631_Martiniozyma_abiesophila@Seq_8487
YER055C	yHMPu5000034952_Citeromyces_siamensis@Seq_1137
YKL182W	yHMPu5000035261_Candida_ponderosae@Seq_3773
YEL017C-A	Lachancea_lanzarotensis@Seq_1059
YGL008C	yHMPu5000034631_Martiniozyma_abiesophila@Seq_11754
Q0080	yHMPu5000035675_Kregervanrija_fluxuum@Seq_2349
YFL045C	yHAB158_Kazachstania_viticola@Seq_3202
YBR121C	yHMPu5000035673_Candida_orba@Seq_5341
YDR533C	Saccharomyces_eubayanus@Seq_1313
YDL185W	Metschnikowia_matae_maris@Seq_6119
YKL067W	yHMPu5000034655_Botryozyma_nematodophila@Seq_2676
YBL030C	Kazachstania_naganishii@Seq_4240
YOR202W	yHMPu5000034605_Spencermartinsiella_europaea@Seq_546
YJR077C	yHMPu5000034952_Citeromyces_siamensis@Seq_10118
YDR256C	yHAB166_Kazachstania_yakushimaensis@Seq_1553
YNL009W	yHMPu5000035335_Candida_blattae@Seq_995
YHR183W	Saccharomyces_mikatae@Seq_2304
YGR289C	yHMPu5000035652_Torulaspora_maleeae@Seq_2255
YDL131W	Candida_sojae@Seq_1603
YOR270C	Metschnikowia_borealis@Seq_4186
YGR254W	yHMPu5000034952_Citeromyces_siamensis@Seq_2336
YMR120C	Metschnikowia_matae@Seq_5757
YLR432W	yHMPu5000035301_Pichia_terricola@Seq_3428
YLR304C	yHMPu5000034655_Botryozyma_nematodophila@Seq_7130
YLR028C	yHAB159_Kazachstania_solicola@Seq_4121
YMR083W	yHMPu5000034963_Hanseniaspora_clermontiae@Seq_316
YIL078W	yHMPu5000035268_Wickerhamomyces_hampshirensis@Seq_4871
YOL020W	yHMPu5000035665_Middelhovenomyces_tepae@Seq_984
YPL132W	yHMPu5000034631_Martiniozyma_abiesophila@Seq_9324
YJL198W	yHAB143_Kazachstania_siamensis@Seq_4423
YGR256W	Metschnikowia_cerradonensis@Seq_557
YGL008C	Metschnikowia_continentalis@Seq_3965
YPL231W	yHMPu5000035244_Candida_incommunis@Seq_2638
YKL148C	yHMPu5000034950_Citeromyces_hawaiiensis@Seq_2627
YJR148W	yHAB166_Kazachstania_yakushimaensis@Seq_1426
YGR094W	yHMPu5000034952_Citeromyces_siamensis@Seq_11620
YBR159W	Lachancea_waltii@Seq_3576
YMR189W	Hanseniaspora_vinae@Seq_2950
YLR155C	yHMPu5000034604_Sporopachydermia_lactativora@Seq_5314
YOR388C	yHMPu5000034654_Aciculoconidium_aculeatum@Seq_2902
YML070W	yHMPu5000035699_Cyberlindnera_maclurae@Seq_3321
Q0130	yHMPu5000034635_Nadsonia_fulvescens@Seq_951
YDR038C	Lachancea_mirantina@Seq_2117
YHR007C	yHMPu5000026256_Zygotorulaspora_mrakii@Seq_1489
YKL182W	yHAB155_Kazachstania_spencerorum@Seq_871
YGR254W	yHMPu5000034952_Citeromyces_siamensis@Seq_7620
YMR162C	Spathaspora_hagerdaliae@Seq_6404
Q0250	Spathaspora_girioi@Seq_5060
YER065C	yHMPu5000034631_Martiniozyma_abiesophila@Seq_9776
YBR068C	yHAB155_Kazachstania_spencerorum@Seq_3645
YJL198W	yHMPu5000035650_Trigonopsis_variabilis@Seq_3738
YBL030C	yHMPu5000035688_Cyberlindnera_xylosilytica@Seq_5827
YLR058C	yHAB166_Kazachstania_yakushimaensis@Seq_4035
YLR044C	yHAB166_Kazachstania_yakushimaensis@Seq_3
YKL148C	yHMPu5000034952_Citeromyces_siamensis@Seq_1636
YLL015W	yHAB160_Kazachstania_kunashirensis@Seq_696
YPL110C	Metschnikowia_matae@Seq_5308
YLR028C	yHAB155_Kazachstania_spencerorum@Seq_3794
Q0105	yHAB133_Kazachstania_unispora@Seq_160
YLR304C	yHMPu5000034655_Botryozyma_nematodophila@Seq_7088
YNR001C	yHMPu5000034952_Citeromyces_siamensis@Seq_10079
YKL215C	Lachancea_fermentati@Seq_2545
YKL104C	yHMPu5000026142_Citeromyces_matritensis@Seq_3085
YDR453C	yHAB134_Kazachstania_turicensis@Seq_5749
YDL210W	yHAB166_Kazachstania_yakushimaensis@Seq_3345
YHL016C	Zygosaccharomyces_rouxii@Seq_4495
YGL008C	Metschnikowia_ipomoeae@Seq_3263
YKL029C	yHMPu5000034952_Citeromyces_siamensis@Seq_11886
YCL018W	yHMPu5000034607_Saccharomycopsis_capsularis@Seq_5414
YNL071W	yHMPu5000034952_Citeromyces_siamensis@Seq_160
YDL131W	Saccharomyces_eubayanus@Seq_3892
YOL011W	yHAB132_Kazachstania_martiniae@Seq_5186
YOR128C	Pachysolen_tannophilus@Seq_2070
YLR081W	yHMPu5000034875_Tetrapisispora_fleetii@Seq_2734
YLR189C	yHMPu5000035335_Candida_blattae@Seq_5499
YGL245W	yHAB155_Kazachstania_spencerorum@Seq_3179
YDR062W	yHAB132_Kazachstania_martiniae@Seq_1548
YGL062W	Metschnikowia_matae@Seq_1396
YJR016C	yHAB147_Kazachstania_taianensis@Seq_4813
YER081W	yHMPu5000034952_Citeromyces_siamensis@Seq_2485
YGL062W	yHAB166_Kazachstania_yakushimaensis@Seq_928
YBL068W	yHMPu5000034952_Citeromyces_siamensis@Seq_1002
YOL020W	yHMPu5000035665_Middelhovenomyces_tepae@Seq_4109
YLR174W	yHMPu5000034950_Citeromyces_hawaiiensis@Seq_2199
YNL256W	yHAB166_Kazachstania_yakushimaensis@Seq_1801
YBL099W	Metschnikowia_ipomoeae@Seq_4978
YFL058W	yHMPu5000034952_Citeromyces_siamensis@Seq_7338
YHR096C	yHMPu5000034998_Cephaloascus_albidus@Seq_5000
YJL219W	Saccharomyces_kudriavzevii@Seq_3853
Q0130	yHMPu5000034635_Nadsonia_fulvescens@Seq_5122
YGL156W	yHAB153_Kazachstania_rosinii@Seq_257
YDL174C	yHMPu5000026137_Ambrosiozyma_ambrosiae@Seq_3310
YBR019C	yHAB158_Kazachstania_viticola@Seq_5227
YGR124W	yHMPu5000034952_Citeromyces_siamensis@Seq_4227
YCR034W	Nakaseomyces_nivariensis@Seq_1457
YEL046C	yHAB134_Kazachstania_turicensis@Seq_3652
YHR094C	yHMPu5000035684_Kloeckera_hatyaiensis@Seq_3963
YGL080W	yHAB166_Kazachstania_yakushimaensis@Seq_578
YCR005C	Metschnikowia_hamakuensis@Seq_3877
YEL017C-A	Saccharomyces_eubayanus@Seq_2623
YHR008C	yHMPu5000034673_Blastobotrys_nivea@Seq_5631
YEL027W	Aspergillus_nidulans@Seq_3145
YJL198W	yHAB155_Kazachstania_spencerorum@Seq_4105
YDR497C	yHMPu5000034631_Martiniozyma_abiesophila@Seq_7138
