Model_id	Experiment_id	score
Yarrowia_lipolytica@Seq_4742	YALI0C16434g
Yarrowia_lipolytica@Seq_1679	YALI0D24409g
Yarrowia_lipolytica@Seq_3599	YALI0B16104g
Yarrowia_lipolytica@Seq_4358	YALI0D21530g
Yarrowia_lipolytica@Seq_5209	YALI0B05368g
Yarrowia_lipolytica@Seq_4033	YALI0B08184g
Yarrowia_lipolytica@Seq_5436	YALI0E27203g
Yarrowia_lipolytica@Seq_2873	YALI0F16896g
Yarrowia_lipolytica@Seq_5905	YALI0F12639g
Yarrowia_lipolytica@Seq_4240	YALI0C00209g
Yarrowia_lipolytica@Seq_5404	YALI0D27126g
Yarrowia_lipolytica@Seq_4409	YALI0D04741g
Yarrowia_lipolytica@Seq_4762	YALI0E24013g
Yarrowia_lipolytica@Seq_2521	YALI0C10901g
Yarrowia_lipolytica@Seq_4811	YALI0B07447g
Yarrowia_lipolytica@Seq_891	YALI0B03630g
Yarrowia_lipolytica@Seq_5986	YALI0D03333g
Yarrowia_lipolytica@Seq_4454	YALI0F31735g
Yarrowia_lipolytica@Seq_4498	YALI0B17336g
Yarrowia_lipolytica@Seq_5982	YALI0F11759g
Yarrowia_lipolytica@Seq_1133	YALI0B21428g
Yarrowia_lipolytica@Seq_6340	YALI0F05632g
Yarrowia_lipolytica@Seq_56	YALI0B16038g
Yarrowia_lipolytica@Seq_6296	YALI0E06193g
Yarrowia_lipolytica@Seq_1013	YALI0D20152g
Yarrowia_lipolytica@Seq_143	YALI0A13387g
Yarrowia_lipolytica@Seq_8	YALI0E03146g
Yarrowia_lipolytica@Seq_6321	YALI0E29579g
Yarrowia_lipolytica@Seq_4786	YALI0D26367g
Yarrowia_lipolytica@Seq_4452	YALI0B14399g
Yarrowia_lipolytica@Seq_6036	YALI0D14894g
Yarrowia_lipolytica@Seq_2900	YALI0A02310g
Yarrowia_lipolytica@Seq_4079	YALI0E06061g
Yarrowia_lipolytica@Seq_3043	YALI0F20328g
Yarrowia_lipolytica@Seq_5280	YALI0D04378g
Yarrowia_lipolytica@Seq_889	YALI0C05170g
Yarrowia_lipolytica@Seq_4379	YALI0E05049g
Yarrowia_lipolytica@Seq_2206	YALI0E01254g
Yarrowia_lipolytica@Seq_4259	YALI0E33957g
Yarrowia_lipolytica@Seq_4007	YALI0A15950g
Yarrowia_lipolytica@Seq_3987	YALI0F05192g
Yarrowia_lipolytica@Seq_1155	YALI0C07128g
Yarrowia_lipolytica@Seq_1105	YALI0B15444g
Yarrowia_lipolytica@Seq_4036	YALI0D22891g
Yarrowia_lipolytica@Seq_723	YALI0E06457g
Yarrowia_lipolytica@Seq_183	YALI0D11110g
Yarrowia_lipolytica@Seq_122	YALI0D27170g
Yarrowia_lipolytica@Seq_4336	YALI0F17644g
Yarrowia_lipolytica@Seq_2097	YALI0F24893g
Yarrowia_lipolytica@Seq_818	YALI0D11176g
Yarrowia_lipolytica@Seq_3934	YALI0E16368g
Yarrowia_lipolytica@Seq_5142	YALI0D14476g
Yarrowia_lipolytica@Seq_496	YALI0D19206g
Yarrowia_lipolytica@Seq_5745	YALI0D20878g
Yarrowia_lipolytica@Seq_602	YALI0A18062g
Yarrowia_lipolytica@Seq_2712	YALI0F30481g
Yarrowia_lipolytica@Seq_6320	YALI0D01265g
Yarrowia_lipolytica@Seq_3488	YALI0B01364g
Yarrowia_lipolytica@Seq_261	YALI0D14300g
Yarrowia_lipolytica@Seq_5329	YALI0E12441g
Yarrowia_lipolytica@Seq_2510	YALI0D06281g
Yarrowia_lipolytica@Seq_812	YALI0B05500g
Yarrowia_lipolytica@Seq_5804	YALI0A18656g
Yarrowia_lipolytica@Seq_1876	YALI0F23023g
Yarrowia_lipolytica@Seq_5303	YALI0B17930g
Yarrowia_lipolytica@Seq_6112	YALI0F08701g
Yarrowia_lipolytica@Seq_5330	YALI0E14443g
Yarrowia_lipolytica@Seq_6269	YALI0B04312g
Yarrowia_lipolytica@Seq_4819	YALI0D13112g
Yarrowia_lipolytica@Seq_4904	YALI0B18348g
Yarrowia_lipolytica@Seq_3753	YALI0F04015g
Yarrowia_lipolytica@Seq_4461	YALI0B14509g
Yarrowia_lipolytica@Seq_3179	YALI0E04807g
Yarrowia_lipolytica@Seq_573	YALI0C22165g
Yarrowia_lipolytica@Seq_577	YALI0B17644g
Yarrowia_lipolytica@Seq_852	YALI0B05126g
Yarrowia_lipolytica@Seq_3929	YALI0F11297g
Yarrowia_lipolytica@Seq_208	YALI0B23298g
Yarrowia_lipolytica@Seq_2797	YALI0D08514g
Yarrowia_lipolytica@Seq_766	YALI0E13057g
Yarrowia_lipolytica@Seq_3765	YALI0D22847g
Yarrowia_lipolytica@Seq_882	YALI0B17666g
Yarrowia_lipolytica@Seq_407	YALI0C12771g
Yarrowia_lipolytica@Seq_6202	YALI0E00418g
Yarrowia_lipolytica@Seq_5715	YALI0E15730g
Yarrowia_lipolytica@Seq_5573	YALI0F04378g
Yarrowia_lipolytica@Seq_2616	YALI0A10076g
Yarrowia_lipolytica@Seq_1136	YALI0D17930g
Yarrowia_lipolytica@Seq_5498	YALI0F09229g
Yarrowia_lipolytica@Seq_3533	YALI0E06479g
Yarrowia_lipolytica@Seq_1646	YALI0F09339g
Yarrowia_lipolytica@Seq_827	YALI0B08140g
Yarrowia_lipolytica@Seq_1770	YALI0B17402g
Yarrowia_lipolytica@Seq_5870	YALI0C00253g
Yarrowia_lipolytica@Seq_3030	YALI0C09636g
Yarrowia_lipolytica@Seq_84	YALI0D03069g
Yarrowia_lipolytica@Seq_2289	YALI0B15304g
Yarrowia_lipolytica@Seq_2295	YALI0F21010g
Yarrowia_lipolytica@Seq_3804	YALI0F30019g
Yarrowia_lipolytica@Seq_1122	YALI0C23408g
Yarrowia_lipolytica@Seq_3024	YALI0D03135g
Yarrowia_lipolytica@Seq_491	YALI0D18920g
Yarrowia_lipolytica@Seq_1524	YALI0E09493g
Yarrowia_lipolytica@Seq_622	YALI0F21527g
Yarrowia_lipolytica@Seq_3823	YALI0F22781g
Yarrowia_lipolytica@Seq_743	YALI0B23188g
Yarrowia_lipolytica@Seq_1014	YALI0E33033g
Yarrowia_lipolytica@Seq_4510	YALI0D16357g
Yarrowia_lipolytica@Seq_3263	YALI0E26004g
Yarrowia_lipolytica@Seq_3402	YALI0F16819g
Yarrowia_lipolytica@Seq_6038	YALI0F09185g
Yarrowia_lipolytica@Seq_2243	YALI0F21406g
Yarrowia_lipolytica@Seq_6030	YALI0F07711g
Yarrowia_lipolytica@Seq_1452	YALI0B20438g
Yarrowia_lipolytica@Seq_3289	YALI0F09966g
Yarrowia_lipolytica@Seq_1814	YALI0F06468g
Yarrowia_lipolytica@Seq_5260	YALI0E18238g
Yarrowia_lipolytica@Seq_5880	YALI0F08415g
Yarrowia_lipolytica@Seq_1120	YALI0C01859g
Yarrowia_lipolytica@Seq_283	YALI0F02849g
Yarrowia_lipolytica@Seq_2785	YALI0A04983g
Yarrowia_lipolytica@Seq_4892	YALI0F11935g
Yarrowia_lipolytica@Seq_355	YALI0A06787g
Yarrowia_lipolytica@Seq_2409	YALI0E31064g
Yarrowia_lipolytica@Seq_5294	YALI0A15125g
Yarrowia_lipolytica@Seq_4784	YALI0E23859g
Yarrowia_lipolytica@Seq_4375	YALI0D27016g
Yarrowia_lipolytica@Seq_5543	YALI0B00704g
Yarrowia_lipolytica@Seq_4915	YALI0F23463g
Yarrowia_lipolytica@Seq_6248	YALI0F27665g
Yarrowia_lipolytica@Seq_2738	YALI0D10593g
Yarrowia_lipolytica@Seq_1075	YALI0E02728g
Yarrowia_lipolytica@Seq_2878	YALI0F31075g
Yarrowia_lipolytica@Seq_4193	YALI0D10131g
Yarrowia_lipolytica@Seq_5708	YALI0A21417g
Yarrowia_lipolytica@Seq_4501	YALI0A14784g
Yarrowia_lipolytica@Seq_1090	YALI0D23397g
Yarrowia_lipolytica@Seq_5451	YALI0E29667g
Yarrowia_lipolytica@Seq_5443	YALI0D11374g
Yarrowia_lipolytica@Seq_5052	YALI0B03344g
Yarrowia_lipolytica@Seq_5929	YALI0C06776g
Yarrowia_lipolytica@Seq_730	YALI0C11880g
Yarrowia_lipolytica@Seq_2246	YALI0D02497g
Yarrowia_lipolytica@Seq_4101	YALI0F15587g
Yarrowia_lipolytica@Seq_2463	YALI0C13354g
Yarrowia_lipolytica@Seq_265	YALI0C23210g
Yarrowia_lipolytica@Seq_1678	YALI0E04224g
Yarrowia_lipolytica@Seq_4275	YALI0F05874g
Yarrowia_lipolytica@Seq_684	YALI0A19558g
Yarrowia_lipolytica@Seq_4910	YALI0F05962g
Yarrowia_lipolytica@Seq_342	YALI0F08217g
Yarrowia_lipolytica@Seq_6157	YALI0C00451g
Yarrowia_lipolytica@Seq_5158	YALI0F00484g
Yarrowia_lipolytica@Seq_1388	YALI0F09251g
Yarrowia_lipolytica@Seq_5871	YALI0F22605g
Yarrowia_lipolytica@Seq_734	YALI0F23243g
Yarrowia_lipolytica@Seq_5563	YALI0F06710g
Yarrowia_lipolytica@Seq_2787	YALI0D18337g
Yarrowia_lipolytica@Seq_3614	YALI0B09515g
Yarrowia_lipolytica@Seq_4890	YALI0C06303g
Yarrowia_lipolytica@Seq_1235	YALI0E07535g
Yarrowia_lipolytica@Seq_4451	YALI0B10406g
Yarrowia_lipolytica@Seq_87	YALI0F23551g
Yarrowia_lipolytica@Seq_4272	YALI0E03212g
Yarrowia_lipolytica@Seq_173	YALI0F30349g
Yarrowia_lipolytica@Seq_4004	YALI0D05621g
Yarrowia_lipolytica@Seq_871	YALI0E09603g
Yarrowia_lipolytica@Seq_2779	YALI0D13024g
Yarrowia_lipolytica@Seq_2729	YALI0F00506g
Yarrowia_lipolytica@Seq_2111	YALI0B02178g
Yarrowia_lipolytica@Seq_2744	YALI0F29337g
Yarrowia_lipolytica@Seq_99	YALI0B16324g
Yarrowia_lipolytica@Seq_1003	YALI0C24354g
Yarrowia_lipolytica@Seq_6365	YALI0D03179g
Yarrowia_lipolytica@Seq_5706	YALI0D25938g
Yarrowia_lipolytica@Seq_3018	YALI0E22198g
Yarrowia_lipolytica@Seq_746	YALI0B22308g
Yarrowia_lipolytica@Seq_5667	YALI0E15488g
Yarrowia_lipolytica@Seq_4778	YALI0E20207g
Yarrowia_lipolytica@Seq_5198	YALI0A01870g
Yarrowia_lipolytica@Seq_4342	YALI0F04532g
Yarrowia_lipolytica@Seq_4258	YALI0B16390g
Yarrowia_lipolytica@Seq_3590	YALI0E04202g
Yarrowia_lipolytica@Seq_589	YALI0B01298g
Yarrowia_lipolytica@Seq_326	YALI0C03025g
Yarrowia_lipolytica@Seq_556	YALI0E00264g
Yarrowia_lipolytica@Seq_5213	YALI0F23793g
Yarrowia_lipolytica@Seq_1480	YALI0D07942g
Yarrowia_lipolytica@Seq_4067	YALI0F04444g
Yarrowia_lipolytica@Seq_5640	YALI0C18315g
Yarrowia_lipolytica@Seq_1573	YALI0C22792g
Yarrowia_lipolytica@Seq_2869	YALI0E08536g
Yarrowia_lipolytica@Seq_2684	YALI0F14047g
Yarrowia_lipolytica@Seq_3665	YALI0C22088g
Yarrowia_lipolytica@Seq_4209	YALI0D17402g
Yarrowia_lipolytica@Seq_362	YALI0C24233g
Yarrowia_lipolytica@Seq_5417	YALI0E00836g
Yarrowia_lipolytica@Seq_843	YALI0E12683g
Yarrowia_lipolytica@Seq_735	YALI0F25201g
Yarrowia_lipolytica@Seq_6355	YALI0E26829g
Yarrowia_lipolytica@Seq_4704	YALI0F23947g
Yarrowia_lipolytica@Seq_597	YALI0C13090g
Yarrowia_lipolytica@Seq_3369	YALI0C23859g
Yarrowia_lipolytica@Seq_2963	YALI0D24750g
Yarrowia_lipolytica@Seq_2895	YALI0F10857g
Yarrowia_lipolytica@Seq_5673	YALI0B10340g
Yarrowia_lipolytica@Seq_5305	YALI0F21197g
Yarrowia_lipolytica@Seq_4359	YALI0A02541g
Yarrowia_lipolytica@Seq_4946	YALI0F16709g
Yarrowia_lipolytica@Seq_1556	YALI0A10032g
Yarrowia_lipolytica@Seq_2049	YALI0E24497g
Yarrowia_lipolytica@Seq_433	YALI0C06490g
Yarrowia_lipolytica@Seq_5267	YALI0E15125g
Yarrowia_lipolytica@Seq_2643	YALI0D21010g
Yarrowia_lipolytica@Seq_5527	YALI0E17633g
Yarrowia_lipolytica@Seq_4063	YALI0F27885g
Yarrowia_lipolytica@Seq_220	YALI0D22484g
Yarrowia_lipolytica@Seq_2922	YALI0E16346g
Yarrowia_lipolytica@Seq_1745	YALI0E02398g
Yarrowia_lipolytica@Seq_4924	YALI0C11363g
Yarrowia_lipolytica@Seq_4735	YALI0C20669g
Yarrowia_lipolytica@Seq_2004	YALI0F01606g
Yarrowia_lipolytica@Seq_5058	YALI0F09273g
Yarrowia_lipolytica@Seq_4646	YALI0E18964g
Yarrowia_lipolytica@Seq_3676	YALI0D17534g
Yarrowia_lipolytica@Seq_2910	YALI0D19184g
Yarrowia_lipolytica@Seq_1904	YALI0E31515g
Yarrowia_lipolytica@Seq_1509	YALI0B02948g
Yarrowia_lipolytica@Seq_884	YALI0D03480g
Yarrowia_lipolytica@Seq_4522	YALI0D21604g
Yarrowia_lipolytica@Seq_5891	YALI0E14102g
Yarrowia_lipolytica@Seq_992	YALI0F23837g
Yarrowia_lipolytica@Seq_5620	YALI0B02376g
Yarrowia_lipolytica@Seq_490	YALI0E28153g
Yarrowia_lipolytica@Seq_4327	YALI0F09559g
Yarrowia_lipolytica@Seq_3604	YALI0C04180g
Yarrowia_lipolytica@Seq_294	YALI0F23573g
Yarrowia_lipolytica@Seq_3291	YALI0E29161g
Yarrowia_lipolytica@Seq_133	YALI0A15147g
Yarrowia_lipolytica@Seq_533	YALI0A16379g
Yarrowia_lipolytica@Seq_533	YALI0D25630g
Yarrowia_lipolytica@Seq_477	YALI0E17787g
Yarrowia_lipolytica@Seq_1601	YALI0E02090g
Yarrowia_lipolytica@Seq_5526	YALI0E02244g
Yarrowia_lipolytica@Seq_4941	YALI0F01584g
Yarrowia_lipolytica@Seq_3048	YALI0F05214g
Yarrowia_lipolytica@Seq_3428	YALI0D09229g
Yarrowia_lipolytica@Seq_2850	YALI0D16445g
Yarrowia_lipolytica@Seq_6367	YALI0A15972g
Yarrowia_lipolytica@Seq_1268	YALI0E00638g
Yarrowia_lipolytica@Seq_6083	YALI0E02684g
Yarrowia_lipolytica@Seq_4291	YALI0D19140g
Yarrowia_lipolytica@Seq_258	YALI0E15708g
Yarrowia_lipolytica@Seq_3780	YALI0D12661g
Yarrowia_lipolytica@Seq_2214	YALI0C16885g
Yarrowia_lipolytica@Seq_5815	YALI0F31999g
Yarrowia_lipolytica@Seq_3872	YALI0A12353g
Yarrowia_lipolytica@Seq_1526	YALI0B22506g
Yarrowia_lipolytica@Seq_5633	YALI0C08074g
Yarrowia_lipolytica@Seq_4897	YALI0C14344g
Yarrowia_lipolytica@Seq_5633	YALI0F13937g
Yarrowia_lipolytica@Seq_5948	YALI0F15983g
Yarrowia_lipolytica@Seq_5948	YALI0F28765g
Yarrowia_lipolytica@Seq_3084	YALI0E34265g
Yarrowia_lipolytica@Seq_943	YALI0E34749g
Yarrowia_lipolytica@Seq_855	YALI0F30987g
Yarrowia_lipolytica@Seq_3833	YALI0C11803g
Yarrowia_lipolytica@Seq_1956	YALI0F13541g
Yarrowia_lipolytica@Seq_1145	YALI0A08217g
Yarrowia_lipolytica@Seq_1339	YALI0C19866g
Yarrowia_lipolytica@Seq_1094	YALI0E01056g
Yarrowia_lipolytica@Seq_4013	YALI0F30745g
Yarrowia_lipolytica@Seq_617	YALI0F06820g
Yarrowia_lipolytica@Seq_4530	YALI0B00572g
Yarrowia_lipolytica@Seq_941	YALI0B14465g
Yarrowia_lipolytica@Seq_5431	YALI0E34771g
Yarrowia_lipolytica@Seq_3309	YALI0F16401g
Yarrowia_lipolytica@Seq_2055	YALI0F03663g
Yarrowia_lipolytica@Seq_4748	YALI0B18898g
Yarrowia_lipolytica@Seq_4226	YALI0D02321g
Yarrowia_lipolytica@Seq_2700	YALI0F10923g
Yarrowia_lipolytica@Seq_5530	YALI0B06941g
Yarrowia_lipolytica@Seq_2443	YALI0F01628g
Yarrowia_lipolytica@Seq_4401	YALI0F07821g
Yarrowia_lipolytica@Seq_3607	YALI0C19085g
Yarrowia_lipolytica@Seq_4617	YALI0E11671g
Yarrowia_lipolytica@Seq_2928	YALI0F26521g
Yarrowia_lipolytica@Seq_251	YALI0B00836g
Yarrowia_lipolytica@Seq_1903	YALI0E32351g
Yarrowia_lipolytica@Seq_194	YALI0F25047g
Yarrowia_lipolytica@Seq_4642	YALI0A08041g
Yarrowia_lipolytica@Seq_3525	YALI0E32527g
Yarrowia_lipolytica@Seq_4751	YALI0E14751g
Yarrowia_lipolytica@Seq_5018	YALI0E17479g
Yarrowia_lipolytica@Seq_1158	YALI0B20020g
Yarrowia_lipolytica@Seq_4113	YALI0B22440g
Yarrowia_lipolytica@Seq_698	YALI0C06952g
Yarrowia_lipolytica@Seq_4131	YALI0F20790g
Yarrowia_lipolytica@Seq_2392	YALI0F26609g
Yarrowia_lipolytica@Seq_3261	YALI0F19470g
Yarrowia_lipolytica@Seq_1336	YALI0E11385g
Yarrowia_lipolytica@Seq_2221	YALI0F09449g
Yarrowia_lipolytica@Seq_542	YALI0A01133g
Yarrowia_lipolytica@Seq_6328	YALI0C01716g
Yarrowia_lipolytica@Seq_545	YALI0E29975g
Yarrowia_lipolytica@Seq_4674	YALI0D23331g
Yarrowia_lipolytica@Seq_5266	YALI0E20625g
Yarrowia_lipolytica@Seq_4707	YALI0F31273g
Yarrowia_lipolytica@Seq_3446	YALI0C23969g
Yarrowia_lipolytica@Seq_1754	YALI0D07370g
Yarrowia_lipolytica@Seq_2103	YALI0E18634g
Yarrowia_lipolytica@Seq_2856	YALI0D16753g
Yarrowia_lipolytica@Seq_2058	YALI0E14190g
Yarrowia_lipolytica@Seq_4542	YALI0D06974g
Yarrowia_lipolytica@Seq_1948	YALI0E24057g
Yarrowia_lipolytica@Seq_1642	YALI0B08536g
Yarrowia_lipolytica@Seq_4817	YALI0E11099g
Yarrowia_lipolytica@Seq_1119	YALI0D25564g
Yarrowia_lipolytica@Seq_5053	YALI0A12573g
Yarrowia_lipolytica@Seq_3314	YALI0E32681g
Yarrowia_lipolytica@Seq_3573	YALI0E35222g
Yarrowia_lipolytica@Seq_4059	YALI0F23067g
Yarrowia_lipolytica@Seq_2158	YALI0F25773g
Yarrowia_lipolytica@Seq_5904	YALI0C03179g
Yarrowia_lipolytica@Seq_5364	YALI0F15345g
Yarrowia_lipolytica@Seq_4849	YALI0F06424g
Yarrowia_lipolytica@Seq_1194	YALI0D04026g
Yarrowia_lipolytica@Seq_3461	YALI0D06237g
Yarrowia_lipolytica@Seq_1135	YALI0E16434g
Yarrowia_lipolytica@Seq_6161	YALI0F01672g
Yarrowia_lipolytica@Seq_3477	YALI0E14685g
Yarrowia_lipolytica@Seq_5738	YALI0E31086g
Yarrowia_lipolytica@Seq_6275	YALI0B03564g
Yarrowia_lipolytica@Seq_2489	YALI0F05390g
Yarrowia_lipolytica@Seq_2511	YALI0C01411g
Yarrowia_lipolytica@Seq_426	YALI0E21021g
Yarrowia_lipolytica@Seq_5943	YALI0E26719g
Yarrowia_lipolytica@Seq_646	YALI0B17204g
Yarrowia_lipolytica@Seq_5043	YALI0E32065g
Yarrowia_lipolytica@Seq_3365	YALI0D17050g
Yarrowia_lipolytica@Seq_2925	YALI0E05753g
Yarrowia_lipolytica@Seq_2757	YALI0C18799g
Yarrowia_lipolytica@Seq_4774	YALI0D17556g
Yarrowia_lipolytica@Seq_2981	YALI0D06303g
Yarrowia_lipolytica@Seq_297	YALI0E05137g
Yarrowia_lipolytica@Seq_1977	YALI0D09361g
Yarrowia_lipolytica@Seq_5655	YALI0E14949g
Yarrowia_lipolytica@Seq_66	YALI0A08668g
Yarrowia_lipolytica@Seq_5150	YALI0E20603g
Yarrowia_lipolytica@Seq_3033	YALI0C24255g
Yarrowia_lipolytica@Seq_3288	YALI0E21351g
Yarrowia_lipolytica@Seq_1589	YALI0F26455g
Yarrowia_lipolytica@Seq_3450	YALI0B08943g
Yarrowia_lipolytica@Seq_2718	YALI0C18425g
Yarrowia_lipolytica@Seq_1330	YALI0A00264g
Yarrowia_lipolytica@Seq_2567	YALI0C10780g
Yarrowia_lipolytica@Seq_4645	YALI0E24607g
Yarrowia_lipolytica@Seq_4031	YALI0F02299g
Yarrowia_lipolytica@Seq_1584	YALI0F20218g
Yarrowia_lipolytica@Seq_2402	YALI0A10310g
Yarrowia_lipolytica@Seq_1280	YALI0B11044g
Yarrowia_lipolytica@Seq_1378	YALI0E16060g
Yarrowia_lipolytica@Seq_2853	YALI0E18942g
Yarrowia_lipolytica@Seq_2806	YALI0C23364g
Yarrowia_lipolytica@Seq_1005	YALI0E05929g
Yarrowia_lipolytica@Seq_5712	YALI0E15081g
Yarrowia_lipolytica@Seq_2989	YALI0F05126g
Yarrowia_lipolytica@Seq_5716	YALI0C07678g
Yarrowia_lipolytica@Seq_671	YALI0F05500g
Yarrowia_lipolytica@Seq_327	YALI0C22616g
Yarrowia_lipolytica@Seq_653	YALI0B21142g
Yarrowia_lipolytica@Seq_5951	YALI0E17545g
Yarrowia_lipolytica@Seq_3948	YALI0E21549g
Yarrowia_lipolytica@Seq_2119	YALI0E30591g
Yarrowia_lipolytica@Seq_2698	YALI0F06358g
Yarrowia_lipolytica@Seq_114	YALI0B14531g
Yarrowia_lipolytica@Seq_4287	YALI0E32791g
Yarrowia_lipolytica@Seq_2584	YALI0A14157g
Yarrowia_lipolytica@Seq_2723	YALI0C07414g
Yarrowia_lipolytica@Seq_6384	YALI0D06017g
Yarrowia_lipolytica@Seq_2580	YALI0B16588g
Yarrowia_lipolytica@Seq_5349	YALI0B11440g
Yarrowia_lipolytica@Seq_5244	YALI0D07634g
Yarrowia_lipolytica@Seq_920	YALI0F02211g
Yarrowia_lipolytica@Seq_5314	YALI0D06215g
Yarrowia_lipolytica@Seq_4912	YALI0E28237g
Yarrowia_lipolytica@Seq_3326	YALI0D05335g
Yarrowia_lipolytica@Seq_1204	YALI0A19074g
Yarrowia_lipolytica@Seq_3809	YALI0E28787g
Yarrowia_lipolytica@Seq_1078	YALI0A19206g
Yarrowia_lipolytica@Seq_5489	YALI0E30481g
Yarrowia_lipolytica@Seq_2838	YALI0D11704g
Yarrowia_lipolytica@Seq_1426	YALI0D13596g
Yarrowia_lipolytica@Seq_2940	YALI0F22517g
Yarrowia_lipolytica@Seq_2719	YALI0D08382g
Yarrowia_lipolytica@Seq_6169	YALI0B21846g
Yarrowia_lipolytica@Seq_728	YALI0B01826g
Yarrowia_lipolytica@Seq_3192	YALI0F26125g
Yarrowia_lipolytica@Seq_4571	YALI0F19866g
Yarrowia_lipolytica@Seq_3873	YALI0E33143g
Yarrowia_lipolytica@Seq_4488	YALI0E20361g
Yarrowia_lipolytica@Seq_1555	YALI0B13420g
Yarrowia_lipolytica@Seq_5409	YALI0A16698g
Yarrowia_lipolytica@Seq_4111	YALI0A14498g
Yarrowia_lipolytica@Seq_3768	YALI0C20427g
Yarrowia_lipolytica@Seq_1521	YALI0D16797g
Yarrowia_lipolytica@Seq_3117	YALI0C17831g
Yarrowia_lipolytica@Seq_2445	YALI0E30129g
Yarrowia_lipolytica@Seq_2617	YALI0B15884g
Yarrowia_lipolytica@Seq_485	YALI0A09042g
Yarrowia_lipolytica@Seq_1147	YALI0C18205g
Yarrowia_lipolytica@Seq_100	YALI0E15224g
Yarrowia_lipolytica@Seq_197	YALI0C19195g
Yarrowia_lipolytica@Seq_486	YALI0C19712g
Yarrowia_lipolytica@Seq_2803	YALI0C24101g
Yarrowia_lipolytica@Seq_4073	YALI0C23617g
Yarrowia_lipolytica@Seq_1613	YALI0D20768g
Yarrowia_lipolytica@Seq_5703	YALI0C10989g
Yarrowia_lipolytica@Seq_1379	YALI0F20262g
Yarrowia_lipolytica@Seq_4526	YALI0F26323g
Yarrowia_lipolytica@Seq_4060	YALI0B19998g
Yarrowia_lipolytica@Seq_1690	YALI0D07986g
Yarrowia_lipolytica@Seq_3124	YALI0C01419g
Yarrowia_lipolytica@Seq_1543	YALI0B17688g
Yarrowia_lipolytica@Seq_2621	YALI0F02607g
Yarrowia_lipolytica@Seq_3509	YALI0E10307g
Yarrowia_lipolytica@Seq_4276	YALI0F25795g
Yarrowia_lipolytica@Seq_1140	YALI0D14322g
Yarrowia_lipolytica@Seq_2833	YALI0F02013g
Yarrowia_lipolytica@Seq_2792	YALI0E04048g
Yarrowia_lipolytica@Seq_806	YALI0F17820g
Yarrowia_lipolytica@Seq_5199	YALI0E16929g
Yarrowia_lipolytica@Seq_3359	YALI0D24607g
Yarrowia_lipolytica@Seq_4961	YALI0C04433g
Yarrowia_lipolytica@Seq_286	YALI0E20977g
Yarrowia_lipolytica@Seq_3331	YALI0C05951g
Yarrowia_lipolytica@Seq_2216	YALI0E12463g
Yarrowia_lipolytica@Seq_2284	YALI0F19514g
Yarrowia_lipolytica@Seq_3782	YALI0E16797g
Yarrowia_lipolytica@Seq_5957	YALI0E30283g
Yarrowia_lipolytica@Seq_598	YALI0E24167g
Yarrowia_lipolytica@Seq_4648	YALI0F04169g
Yarrowia_lipolytica@Seq_5878	YALI0E12573g
Yarrowia_lipolytica@Seq_5140	YALI0B14619g
Yarrowia_lipolytica@Seq_5468	YALI0E05203g
Yarrowia_lipolytica@Seq_4161	YALI0D07392g
Yarrowia_lipolytica@Seq_2805	YALI0F30569g
Yarrowia_lipolytica@Seq_4745	YALI0F23903g
Yarrowia_lipolytica@Seq_6369	YALI0F09603g
Yarrowia_lipolytica@Seq_3498	YALI0C20405g
Yarrowia_lipolytica@Seq_2971	YALI0B00220g
Yarrowia_lipolytica@Seq_1247	YALI0B11154g
Yarrowia_lipolytica@Seq_990	YALI0B03124g
Yarrowia_lipolytica@Seq_2269	YALI0E21197g
Yarrowia_lipolytica@Seq_1850	YALI0B00726g
Yarrowia_lipolytica@Seq_3887	YALI0C16522g
Yarrowia_lipolytica@Seq_2576	YALI0E18898g
Yarrowia_lipolytica@Seq_1359	YALI0F09625g
Yarrowia_lipolytica@Seq_3738	YALI0F20900g
Yarrowia_lipolytica@Seq_2509	YALI0D19426g
Yarrowia_lipolytica@Seq_4951	YALI0F14729g
Yarrowia_lipolytica@Seq_3376	YALI0F10010g
Yarrowia_lipolytica@Seq_527	YALI0E02288g
Yarrowia_lipolytica@Seq_5728	YALI0D06501g
Yarrowia_lipolytica@Seq_3137	YALI0F12199g
Yarrowia_lipolytica@Seq_3954	YALI0E34672g
Yarrowia_lipolytica@Seq_4338	YALI0E20471g
Yarrowia_lipolytica@Seq_4826	YALI0E07271g
Yarrowia_lipolytica@Seq_536	YALI0C11407g
Yarrowia_lipolytica@Seq_447	YALI0B18759g
Yarrowia_lipolytica@Seq_2074	YALI0B13970g
Yarrowia_lipolytica@Seq_4957	YALI0B14729g
Yarrowia_lipolytica@Seq_2361	YALI0B14927g
Yarrowia_lipolytica@Seq_4993	YALI0F07260g
Yarrowia_lipolytica@Seq_3207	YALI0F16093g
Yarrowia_lipolytica@Seq_1632	YALI0F00462g
Yarrowia_lipolytica@Seq_1734	YALI0F03597g
Yarrowia_lipolytica@Seq_3491	YALI0F23221g
Yarrowia_lipolytica@Seq_6362	YALI0F13453g
Yarrowia_lipolytica@Seq_3641	YALI0E18029g
Yarrowia_lipolytica@Seq_6198	YALI0E02310g
Yarrowia_lipolytica@Seq_4215	YALI0D01309g
Yarrowia_lipolytica@Seq_290	YALI0C06083g
Yarrowia_lipolytica@Seq_1994	YALI0E31009g
Yarrowia_lipolytica@Seq_5998	YALI0C13574g
Yarrowia_lipolytica@Seq_5855	YALI0D00605g
Yarrowia_lipolytica@Seq_5183	YALI0D10813g
Yarrowia_lipolytica@Seq_529	YALI0F20702g
Yarrowia_lipolytica@Seq_4419	YALI0D23683g
Yarrowia_lipolytica@Seq_4803	YALI0E30965g
Yarrowia_lipolytica@Seq_5437	YALI0F17842g
Yarrowia_lipolytica@Seq_5913	YALI0C02431g
Yarrowia_lipolytica@Seq_6142	YALI0F08283g
Yarrowia_lipolytica@Seq_5085	YALI0B06006g
Yarrowia_lipolytica@Seq_792	YALI0D05797g
Yarrowia_lipolytica@Seq_4665	YALI0B22550g
Yarrowia_lipolytica@Seq_4602	YALI0B19338g
Yarrowia_lipolytica@Seq_5283	YALI0E16643g
Yarrowia_lipolytica@Seq_140	YALI0E18568g
Yarrowia_lipolytica@Seq_2545	YALI0F18502g
Yarrowia_lipolytica@Seq_5780	YALI0C06798g
Yarrowia_lipolytica@Seq_6201	YALI0F06842g
Yarrowia_lipolytica@Seq_733	YALI0A05379g
Yarrowia_lipolytica@Seq_4848	YALI0E21307g
Yarrowia_lipolytica@Seq_6319	YALI0F31427g
Yarrowia_lipolytica@Seq_2560	YALI0B22066g
Yarrowia_lipolytica@Seq_262	YALI0D09867g
Yarrowia_lipolytica@Seq_2301	YALI0B02852g
Yarrowia_lipolytica@Seq_1117	YALI0B22902g
Yarrowia_lipolytica@Seq_5356	YALI0E27874g
Yarrowia_lipolytica@Seq_4009	YALI0F25641g
Yarrowia_lipolytica@Seq_5292	YALI0C23342g
Yarrowia_lipolytica@Seq_1537	YALI0C08811g
Yarrowia_lipolytica@Seq_6007	YALI0D25476g
Yarrowia_lipolytica@Seq_354	YALI0E06413g
Yarrowia_lipolytica@Seq_6430	YALI0C06996g
Yarrowia_lipolytica@Seq_1494	YALI0C18755g
Yarrowia_lipolytica@Seq_4139	YALI0F05610g
Yarrowia_lipolytica@Seq_6077	YALI0B09537g
Yarrowia_lipolytica@Seq_959	YALI0D25168g
Yarrowia_lipolytica@Seq_6090	YALI0C16995g
Yarrowia_lipolytica@Seq_1020	YALI0A20680g
Yarrowia_lipolytica@Seq_5096	YALI0B00792g
Yarrowia_lipolytica@Seq_5956	YALI0B14861g
Yarrowia_lipolytica@Seq_6255	YALI0B20372g
Yarrowia_lipolytica@Seq_3682	YALI0C03201g
Yarrowia_lipolytica@Seq_1842	YALI0D00737g
Yarrowia_lipolytica@Seq_3383	YALI0D04939g
Yarrowia_lipolytica@Seq_3201	YALI0D05467g
Yarrowia_lipolytica@Seq_1493	YALI0D07216g
Yarrowia_lipolytica@Seq_5488	YALI0D14850g
Yarrowia_lipolytica@Seq_1222	YALI0D19030g
Yarrowia_lipolytica@Seq_5638	YALI0D24585g
Yarrowia_lipolytica@Seq_5615	YALI0E23089g
Yarrowia_lipolytica@Seq_2812	YALI0E31766g
Yarrowia_lipolytica@Seq_5599	YALI0F00924g
Yarrowia_lipolytica@Seq_1899	YALI0F02123g
Yarrowia_lipolytica@Seq_3524	YALI0F06050g
Yarrowia_lipolytica@Seq_1854	YALI0F17248g
Yarrowia_lipolytica@Seq_274	YALI0F18359g
Yarrowia_lipolytica@Seq_5093	YALI0E05599g
Yarrowia_lipolytica@Seq_3197	YALI0F25135g
Yarrowia_lipolytica@Seq_2822	YALI0A02915g
Yarrowia_lipolytica@Seq_3975	YALI0B16522g
Yarrowia_lipolytica@Seq_781	YALI0B11330g
Yarrowia_lipolytica@Seq_6409	YALI0D17864g
Yarrowia_lipolytica@Seq_2042	YALI0B19382g
Yarrowia_lipolytica@Seq_4875	YALI0B15059g
Yarrowia_lipolytica@Seq_503	YALI0F30679g
Yarrowia_lipolytica@Seq_1881	YALI0E27005g
Yarrowia_lipolytica@Seq_3234	YALI0C01111g
Yarrowia_lipolytica@Seq_3483	YALI0A12045g
Yarrowia_lipolytica@Seq_718	YALI0B08965g
Yarrowia_lipolytica@Seq_713	YALI0E25652g
Yarrowia_lipolytica@Seq_6056	YALI0F07062g
Yarrowia_lipolytica@Seq_128	YALI0F13739g
Yarrowia_lipolytica@Seq_1212	YALI0D06325g
Yarrowia_lipolytica@Seq_1298	YALI0E09108g
Yarrowia_lipolytica@Seq_1633	YALI0B12078g
Yarrowia_lipolytica@Seq_1481	YALI0B15598g
Yarrowia_lipolytica@Seq_3455	YALI0E22649g
Yarrowia_lipolytica@Seq_2577	YALI0F17996g
Yarrowia_lipolytica@Seq_5497	YALI0C05258g
Yarrowia_lipolytica@Seq_4455	YALI0A09856g
Yarrowia_lipolytica@Seq_4554	YALI0E33517g
Yarrowia_lipolytica@Seq_958	YALI0F04095g
Yarrowia_lipolytica@Seq_4169	YALI0D06798g
Yarrowia_lipolytica@Seq_221	YALI0A21153g
Yarrowia_lipolytica@Seq_4005	YALI0F26191g
Yarrowia_lipolytica@Seq_27	YALI0E20713g
Yarrowia_lipolytica@Seq_5841	YALI0E16907g
Yarrowia_lipolytica@Seq_2841	YALI0D18271g
Yarrowia_lipolytica@Seq_785	YALI0D17072g
Yarrowia_lipolytica@Seq_3718	YALI0E17347g
Yarrowia_lipolytica@Seq_4383	YALI0E25740g
Yarrowia_lipolytica@Seq_2027	YALI0F26587g
Yarrowia_lipolytica@Seq_2502	YALI0B09647g
Yarrowia_lipolytica@Seq_5596	YALI0F23749g
Yarrowia_lipolytica@Seq_2160	YALI0E07073g
Yarrowia_lipolytica@Seq_1104	YALI0E11495g
Yarrowia_lipolytica@Seq_5617	YALI0B04202g
Yarrowia_lipolytica@Seq_5744	YALI0B22924g
Yarrowia_lipolytica@Seq_1196	YALI0A18183g
Yarrowia_lipolytica@Seq_4593	YALI0F30129g
Yarrowia_lipolytica@Seq_5902	YALI0B02728g
Yarrowia_lipolytica@Seq_4284	YALI0A02717g
Yarrowia_lipolytica@Seq_3620	YALI0F19052g
Yarrowia_lipolytica@Seq_4789	YALI0F15433g
Yarrowia_lipolytica@Seq_3567	YALI0E20163g
Yarrowia_lipolytica@Seq_5660	YALI0D01089g
Yarrowia_lipolytica@Seq_2365	YALI0D02629g
Yarrowia_lipolytica@Seq_4557	YALI0E28963g
Yarrowia_lipolytica@Seq_6231	YALI0F11627g
Yarrowia_lipolytica@Seq_4351	YALI0D23815g
Yarrowia_lipolytica@Seq_1213	YALI0D08690g
Yarrowia_lipolytica@Seq_6085	YALI0F05038g
Yarrowia_lipolytica@Seq_3011	YALI0A20108g
Yarrowia_lipolytica@Seq_5973	YALI0F19712g
Yarrowia_lipolytica@Seq_4899	YALI0A10659g
Yarrowia_lipolytica@Seq_5131	YALI0D21032g
Yarrowia_lipolytica@Seq_1429	YALI0C05753g
Yarrowia_lipolytica@Seq_454	YALI0D26147g
Yarrowia_lipolytica@Seq_5076	YALI0A09900g
Yarrowia_lipolytica@Seq_2694	YALI0A11143g
Yarrowia_lipolytica@Seq_707	YALI0B03982g
Yarrowia_lipolytica@Seq_1568	YALI0B06831g
Yarrowia_lipolytica@Seq_1974	YALI0B21527g
Yarrowia_lipolytica@Seq_3302	YALI0D00583g
Yarrowia_lipolytica@Seq_1666	YALI0D11814g
Yarrowia_lipolytica@Seq_691	YALI0D12584g
Yarrowia_lipolytica@Seq_1609	YALI0D17490g
Yarrowia_lipolytica@Seq_5657	YALI0D22022g
Yarrowia_lipolytica@Seq_6158	YALI0E08617g
Yarrowia_lipolytica@Seq_312	YALI0E09933g
Yarrowia_lipolytica@Seq_5884	YALI0E11355g
Yarrowia_lipolytica@Seq_6317	YALI0E16192g
Yarrowia_lipolytica@Seq_4637	YALI0E27346g
Yarrowia_lipolytica@Seq_877	YALI0E31471g
Yarrowia_lipolytica@Seq_4829	YALI0F02893g
Yarrowia_lipolytica@Seq_174	YALI0F03179g
Yarrowia_lipolytica@Seq_5778	YALI0F04774g
Yarrowia_lipolytica@Seq_655	YALI0F09405g
Yarrowia_lipolytica@Seq_5450	YALI0F15631g
Yarrowia_lipolytica@Seq_4563	YALI0F16181g
Yarrowia_lipolytica@Seq_6279	YALI0F20306g
Yarrowia_lipolytica@Seq_839	YALI0F24475g
Yarrowia_lipolytica@Seq_4434	YALI0F31119g
