1	Candida_versatilis@Seq_1283
2	Candida_versatilis@Seq_4090
3	Candida_versatilis@Seq_807
4	Wickerhamiella_domercqiae@Seq_1793
5	Wickerhamiella_domercqiae@Seq_2190
6	Wickerhamiella_domercqiae@Seq_447
7	Candida_apicola@Seq_2694
8	Candida_apicola@Seq_3293
9	Candida_apicola@Seq_4682
10	Starmerella_bombicola_JCM9596@Seq_2180
11	Starmerella_bombicola_JCM9596@Seq_2202
12	Starmerella_bombicola_JCM9596@Seq_586
13	Candida_apicola@Seq_264
14	Candida_apicola@Seq_4218
15	Starmerella_bombicola_JCM9596@Seq_1824
16	Starmerella_bombicola_JCM9596@Seq_4148
17	Starmerella_bombicola_JCM9596@Seq_493
18	Candida_apicola@Seq_1537
19	Candida_apicola@Seq_1633
20	Candida_apicola@Seq_4144
21	Candida_apicola@Seq_4337
22	Candida_versatilis@Seq_1563
23	Candida_versatilis@Seq_2482
24	Candida_versatilis@Seq_4370
25	Candida_versatilis@Seq_4982
26	Starmerella_bombicola_JCM9596@Seq_3159
27	Starmerella_bombicola_JCM9596@Seq_3166
28	Wickerhamiella_domercqiae@Seq_1893
29	Wickerhamiella_domercqiae@Seq_2034
30	Starmerella_bombicola_JCM9596@Seq_1653a
31	Starmerella_bombicola_JCM9596@Seq_1653b
32	Wickerhamiella_domercqiae@Seq_516a
33	Wickerhamiella_domercqiae@Seq_516b
34	Candida_apicola@Seq_1399
35	Candida_apicola@Seq_3222
36	Candida_apicola@Seq_666
37	Candida_apicola@Seq_799
38	Candida_versatilis@Seq_1307
39	Candida_versatilis@Seq_2266
40	Candida_versatilis@Seq_2347
41	Candida_versatilis@Seq_2997
42	Candida_versatilis@Seq_3582
43	Candida_versatilis@Seq_4107
44	Candida_versatilis@Seq_4893
45	Candida_versatilis@Seq_692
46	Starmerella_bombicola_JCM9596@Seq_1802
47	Starmerella_bombicola_JCM9596@Seq_2239
48	Starmerella_bombicola_JCM9596@Seq_3459
49	Starmerella_bombicola_JCM9596@Seq_4063
50	Starmerella_bombicola_JCM9596@Seq_737
51	Wickerhamiella_domercqiae@Seq_1077
52	Wickerhamiella_domercqiae@Seq_1450
53	Wickerhamiella_domercqiae@Seq_2414
54	Wickerhamiella_domercqiae@Seq_341
55	Wickerhamiella_domercqiae@Seq_3826
56	Wickerhamiella_domercqiae@Seq_748
57	Wickerhamiella_domercqiae@Seq_824
58	Wickerhamiella_domercqiae@Seq_850
59	Wickerhamiella_domercqiae@Seq_1849
60	Candida_versatilis@Seq_2007
61	Candida_versatilis@Seq_3848
62	Candida_versatilis@Seq_4065
63	Candida_versatilis@Seq_4305
64	Candida_versatilis@Seq_5014
65	Candida_versatilis@Seq_5064
66	Candida_versatilis@Seq_1796
67	Candida_versatilis@Seq_2597
68	Candida_versatilis@Seq_3218
69	Candida_versatilis@Seq_3615
70	Candida_versatilis@Seq_3872
71	Candida_versatilis@Seq_4544
72	Candida_versatilis@Seq_5010
73	Candida_versatilis@Seq_5277
74	Candida_versatilis@Seq_1151
75	Candida_versatilis@Seq_1278
76	Candida_versatilis@Seq_2506
77	Candida_versatilis@Seq_3167
78	Candida_versatilis@Seq_2696
79	Candida_versatilis@Seq_2985
80	Candida_versatilis@Seq_311
81	Candida_versatilis@Seq_5234
82	Candida_versatilis@Seq_5344
83	Candida_versatilis@Seq_1488
84	Candida_versatilis@Seq_2212
85	Candida_versatilis@Seq_2395
86	Candida_versatilis@Seq_3992
87	Candida_versatilis@Seq_5405
88	Kuraishia_capsulata@Seq_2135
89	Kuraishia_capsulata@Seq_3120
90	Kuraishia_capsulata@Seq_507
91	yHMPu5000034903_Ogataea_naganishii@Seq_1463
92	yHMPu5000034903_Ogataea_naganishii@Seq_1563
93	yHMPu5000034903_Ogataea_naganishii@Seq_2092
94	yHMPu5000035335_Candida_blattae@Seq_3695
95	yHMPu5000034606_Priceomyces_medius@Seq_1298
96	Candida_tenuis@Seq_3183
97	yHMPu5000034986_Candida_oregonensis@Seq_3292
98	yHMPu5000035252_Yamadazyma_nakazawae@Seq_2940
99	yHMPu5000035707_Candida_heveicola@Seq_2615
100	yHMPu5000035640_Yamadazyma_philogaea@Seq_279
101	yHMPu5000035641_Yamadazyma_scolyti@Seq_4381
102	Candida_tanzawaensis@Seq_4071
103	yHMPu5000035296_Priceomyces_carsonii@Seq_4621
104	yHMPu5000041863_Candida_gorgasii@Seq_1932
105	yHMPu5000035679_Candida_rhagii@Seq_1797
106	yHMPu5000041833_Candida_tammaniensis@Seq_4624
107	yHMPu5000034973_Danielozyma_ontarioensis@Seq_934
108	Candida_auris@Seq_5164
109	Priceomyces_haplophilus@Seq_4966
110	Priceomyces_haplophilus@Seq_3646
111	Candida_intermedia@Seq_5097
112	yHMPu5000035018_Candida_canberraensis@Seq_5442
113	Candida_carpophila@Seq_4916
114	Candida_intermedia@Seq_4665
115	yHMPu5000041713_Debaryomyces_maramus@Seq_965
116	yHMPu5000041829_Debaryomyces_fabryi@Seq_5440
117	Meyerozyma_guilliermondii@Seq_3220
118	Hyphopichia_burtonii@Seq_721
119	yHMPu5000041824_Debaryomyces_subglobosus@Seq_1304
120	yHMPu5000035335_Candida_blattae@Seq_5280
121	yHMPu5000041833_Candida_tammaniensis@Seq_2663
122	Candida_auris@Seq_4992
123	Candida_homilentoma@Seq_1913
124	yHMPu5000034606_Priceomyces_medius@Seq_2659
125	yHMPu5000035296_Priceomyces_carsonii@Seq_2557
126	Debaryomyces_hansenii@Seq_697
127	yHMPu5000035681_Candida_gotoi@Seq_4729
128	yHMPu5000035679_Candida_rhagii@Seq_1376
129	yHMPu5000041678_Debaryomyces_prosopidis@Seq_2451
130	yHMPu5000035318_Hyphopichia_heimii@Seq_2717
131	yHMPu5000041693_Debaryomyces_nepalensis@Seq_315
132	yHMPu5000035681_Candida_gotoi@Seq_354
133	yHMPu5000034862_Zygotorulaspora_florentina@Seq_2884
134	yHMPu5000026256_Zygotorulaspora_mrakii@Seq_1734
135	Candida_orthopsilosis@Seq_1396
136	yHAB158_Kazachstania_viticola@Seq_5563
137	Nakaseomyces_delphensis@Seq_324
138	Candida_parapsilosis@Seq_703
139	Nakaseomyces_bracarensis@Seq_2505
140	yHMPu5000026152_Torulaspora_franciscae@Seq_1461
141	yHMPu5000034614_Saturnispora_silvae@Seq_184
142	Torulaspora_delbrueckii@Seq_367
143	Candida_intermedia@Seq_4585
144	Saccharomyces_cerevisiae@YJL218W
145	Naumovozyma_castellii@Seq_3276
146	Ogataea_polymorpha@Seq_1624
147	Debaryomyces_hansenii@Seq_5396
148	yHMPu5000041678_Debaryomyces_prosopidis@Seq_5141
149	yHMPu5000041824_Debaryomyces_subglobosus@Seq_4401
150	yHMPu5000041713_Debaryomyces_maramus@Seq_4062
151	Candida_intermedia@Seq_1298
152	Candida_carpophila@Seq_2447
153	yHMPu5000035679_Candida_rhagii@Seq_4066
154	yHMPu5000035296_Priceomyces_carsonii@Seq_2758
155	yHMPu5000035335_Candida_blattae@Seq_5399
156	Candida_intermedia@Seq_5458
157	yHMPu5000035335_Candida_blattae@Seq_18
158	Meyerozyma_guilliermondii@Seq_2887
159	yHMPu5000041829_Debaryomyces_fabryi@Seq_2333
160	yHMPu5000041713_Debaryomyces_maramus@Seq_2370
161	Zygosaccharomyces_bailii@Seq_740
162	yHMPu5000034866_Zygosaccharomyces_bisporus@Seq_3421
163	Zygosaccharomyces_rouxii@Seq_4134
164	yHMPu5000034615_Saturnispora_zaruensis@Seq_3438
165	yHMPu5000034610_Saturnispora_hagleri@Seq_3427
166	yHMPu5000034622_Pichia_occidentalis@Seq_991
167	Candida_sorboxylosa@Seq_1322
168	Candida_orthopsilosis@Seq_2255
169	yHMPu5000034629_Pichia_exigua@Seq_3201
170	Candida_parapsilosis@Seq_4886
171	Nadsonia_fulvescens_var_elongata@Seq_2822
172	Candida_apicola@Seq_1226
173	Starmerella_bombicola_JCM9596@Seq_628
174	Lachancea_lanzarotensis@Seq_2336
175	Lachancea_mirantina@Seq_1985
176	Lachancea_nothofagi@Seq_482
177	yHMPu5000034862_Zygotorulaspora_florentina@Seq_2934
178	Lachancea_cidri@Seq_3275
179	yHMPu5000035651_Torulaspora_microellipsoides@Seq_2882
180	Lachancea_fermentati@Seq_3891
181	Zygosaccharomyces_bailii@Seq_3873
182	Lachancea_fantastica@Seq_3562
183	Lachancea_meyersii@Seq_3737
184	Lipomyces_starkeyi@Seq_1465
185	Lipomyces_starkeyi@Seq_5525
186	Candida_versatilis@Seq_1376
187	yHMPu5000034605_Spencermartinsiella_europaea@Seq_1562
188	yHMPu5000034681_Blastobotrys_americana@Seq_1851
189	yHMPu5000034669_Blastobotrys_raffinofermentans@Seq_3163
190	Arxula_adeninivorans@Seq_5111
191	yHMPu5000035244_Candida_incommunis@Seq_4663
192	yHMPu5000034671_Blastobotrys_peoriensis@Seq_3381
193	yHMPu5000034974_Deakozyma_indianensis@Seq_2914
194	yHMPu5000035665_Middelhovenomyces_tepae@Seq_3903
195	yHMPu5000035691_Candida_salmanticensis@Seq_189
196	yHMPu5000034674_Blastobotrys_muscicola@Seq_6315
197	yHMPu5000035242_Zygoascus_ofunaensis@Seq_4012
198	yHMPu5000035243_Zygoascus_meyerae@Seq_1466
199	yHMPu5000034660_Diddensiella_caesifluorescens@Seq_2062
200	yHMPu5000034885_Ogataea_zsoltii@Seq_4069
201	yHMPu5000034897_Ogataea_glucozyma@Seq_1104
202	yHMPu5000034887_Ogataea_trehaloabstinens@Seq_182
203	yHMPu5000026124_Ogataea_henricii@Seq_2551
204	yHMPu5000034637_Ogataea_populiabae@Seq_1150
205	yHMPu5000034885_Ogataea_zsoltii@Seq_1002
206	yHMPu5000034897_Ogataea_glucozyma@Seq_2896
207	yHMPu5000034885_Ogataea_zsoltii@Seq_4747
208	yHMPu5000034897_Ogataea_glucozyma@Seq_4401
209	yHMPu5000026124_Ogataea_henricii@Seq_2460
210	yHMPu5000034885_Ogataea_zsoltii@Seq_1446
211	yHMPu5000034897_Ogataea_glucozyma@Seq_1529
212	yHMPu5000026124_Ogataea_henricii@Seq_2827
213	yHMPu5000041693_Debaryomyces_nepalensis@Seq_5526
214	Debaryomyces_hansenii@Seq_1826
215	yHMPu5000041678_Debaryomyces_prosopidis@Seq_2232
216	yHMPu5000041824_Debaryomyces_subglobosus@Seq_1789
217	Lachancea_meyersii@Seq_3557
218	Lachancea_lanzarotensis@Seq_1641
219	Lachancea_mirantina@Seq_505
220	Lachancea_quebecensis@Seq_1559
221	Lachancea_dasiensis@Seq_4757
222	Lachancea_dasiensis@Seq_3876
223	Lachancea_nothofagi@Seq_1463
224	Lachancea_fantastica@Seq_2675
225	Saccharomyces_arboricola@Seq_1631
226	Saccharomyces_uvarum@Seq_4277
227	Saccharomyces_paradoxus@Seq_2115
228	Saccharomyces_mikatae@Seq_2520
229	yHMPu5000034866_Zygosaccharomyces_bisporus@Seq_3050
230	Saccharomyces_cerevisiae@YJL217W
231	Saccharomyces_kudriavzevii@Seq_2888
232	Saccharomyces_eubayanus@Seq_4585
233	yHMPu5000034862_Zygotorulaspora_florentina@Seq_3872
234	Torulaspora_delbrueckii@Seq_404
235	Sugiyamaella_lignohabitans@Seq_6323
236	yHMPu5000026124_Ogataea_henricii@Seq_2885
237	yHMPu5000034897_Ogataea_glucozyma@Seq_3813
238	Candida_arabinofermentans@Seq_470
239	yHMPu5000034885_Ogataea_zsoltii@Seq_3089
240	yHMPu5000034891_Ogataea_pini@Seq_5146
241	yHMPu5000034933_Kuraishia_molischiana@Seq_3955
242	Kuraishia_capsulata@Seq_4014
243	yHMPu5000034883_Peterozyma_xylosa@Seq_1411
244	yHMPu5000034884_Peterozyma_toletana@Seq_536
245	yHMPu5000034933_Kuraishia_molischiana@Seq_468
246	Yarrowia_lipolytica@Seq_5889
247	yHMPu5000035643_Yarrowia_bubula@Seq_5509
248	Yarrowia_deformans@Seq_4778
249	Yarrowia_keelungensis@Seq_3636
250	yHMPu5000034675_Blastobotrys_mokoenaii@Seq_4367
251	Arxula_adeninivorans@Seq_4941
252	yHMPu5000034669_Blastobotrys_raffinofermentans@Seq_1740
253	yHMPu5000035633_Candida_hispaniensis@Seq_1767
254	Torulaspora_delbrueckii@Seq_4227
255	yHMPu5000034881_Torulaspora_pretoriensis@Seq_1094
256	yHMPu5000034605_Spencermartinsiella_europaea@Seq_4361
257	yHMPu5000034681_Blastobotrys_americana@Seq_2602
258	yHMPu5000034667_Blastobotrys_serpentis@Seq_5395
259	yHMPu5000035243_Zygoascus_meyerae@Seq_1299
260	yHMPu5000034660_Diddensiella_caesifluorescens@Seq_4413
261	yHMPu5000035242_Zygoascus_ofunaensis@Seq_4410
262	yHMPu5000035242_Zygoascus_ofunaensis@Seq_742
263	yHMPu5000035242_Zygoascus_ofunaensis@Seq_3648
264	yHMPu5000034605_Spencermartinsiella_europaea@Seq_4882
265	yHMPu5000035691_Candida_salmanticensis@Seq_2530
266	Candida_arabinofermentans@Seq_2176
267	yHMPu5000034902_Ogataea_minuta@Seq_666
268	yHMPu5000034904_Ogataea_nonfermentans@Seq_5185
269	yHMPu5000034636_Ogataea_nitratoaversa@Seq_2107
270	yHMPu5000026124_Ogataea_henricii@Seq_2343
271	yHMPu5000034892_Ogataea_pilisensis@Seq_5355
272	Ogataea_methanolica@Seq_3160
273	yHMPu5000034891_Ogataea_pini@Seq_3820
274	yHMPu5000034885_Ogataea_zsoltii@Seq_4536
275	Debaryomyces_hansenii@Seq_1633
276	yHMPu5000041829_Debaryomyces_fabryi@Seq_3579
277	yHMPu5000041693_Debaryomyces_nepalensis@Seq_5432
278	yHMPu5000041824_Debaryomyces_subglobosus@Seq_2380
279	yHMPu5000041713_Debaryomyces_maramus@Seq_3786
280	yHMPu5000041713_Debaryomyces_maramus@Seq_1928
281	yHMPu5000041693_Debaryomyces_nepalensis@Seq_223
282	yHMPu5000041678_Debaryomyces_prosopidis@Seq_4111
283	yHMPu5000041713_Debaryomyces_maramus@Seq_2407
284	yHMPu5000034612_Saturnispora_saitoi@Seq_1745
285	yHMPu5000034615_Saturnispora_zaruensis@Seq_3882
286	Pichia_membranifaciens@Seq_1850
287	yHMPu5000035040_Ambrosiozyma_maleeae@Seq_3064
288	Candida_sorboxylosa@Seq_2997
289	yHMPu5000034614_Saturnispora_silvae@Seq_1429
290	yHMPu5000034625_Pichia_kudriavzevii@Seq_1026
291	yHMPu5000034622_Pichia_occidentalis@Seq_390
292	Lipomyces_starkeyi@Seq_6034
293	yHMPu5000034754_Lipomyces_arxii@Seq_5089
294	yHMPu5000034760_Lipomyces_kononenkoae@Seq_4785
295	yHMPu5000034748_Lipomyces_oligophaga@Seq_5567
296	yHMPu5000034757_Lipomyces_doorenjongii@Seq_4263
297	yHMPu5000034742_Lipomyces_suomiensis@Seq_5053
298	Candida_versatilis@Seq_3307
299	yHMPu5000035041_Ambrosiozyma_pseudovanderkliftii@Seq_4371
300	Ambrosiozyma_monospora@Seq_674
301	Candida_boidinii_JCM9604@Seq_4978
302	Ambrosiozyma_monospora@Seq_5947
303	Candida_boidinii_JCM9604@Seq_1478
304	yHMPu5000034947_Ambrosiozyma_philentoma@Seq_2857
305	yHMPu5000026137_Ambrosiozyma_ambrosiae@Seq_6048
306	Lachancea_kluyveri@Seq_2221
307	Lachancea_fermentati@Seq_1187
308	yHMPu5000035651_Torulaspora_microellipsoides@Seq_3591
309	Saccharomyces_arboricola@Seq_1905
310	Saccharomyces_uvarum@Seq_1415
311	Lachancea_thermotolerans@Seq_1058
312	Saccharomyces_cerevisiae@YOL164W
313	Saccharomyces_eubayanus@Seq_128
314	Sporopachydermia_quercuum@Seq_3840
315	Wickerhamiella_domercqiae@Seq_3942
316	Candida_apicola@Seq_4299
317	Starmerella_bombicola_JCM9596@Seq_755
318	Candida_versatilis@Seq_1672
319	Candida_infanticola@Seq_3032
320	Candida_versatilis@Seq_5318
321	Candida_versatilis@Seq_2181
322	Candida_infanticola@Seq_3267
323	Candida_apicola@Seq_3747
324	Starmerella_bombicola_JCM9596@Seq_2687
325	Lipomyces_starkeyi@Seq_3506
326	yHMPu5000034884_Peterozyma_toletana@Seq_549
327	Komagataella_pastoris@Seq_883
328	Lipomyces_starkeyi@Seq_461
329	yHMPu5000034646_Wickerhamiella_cacticola@Seq_4742
330	yHMPu5000035686_Cyberlindnera_saturnus@Seq_3496
331	yHMPu5000034978_Cyberlindnera_mrakii@Seq_2125
332	Torulaspora_delbrueckii@Seq_133
333	yHMPu5000034881_Torulaspora_pretoriensis@Seq_4590
334	Candida_versatilis@Seq_1380
335	Nadsonia_fulvescens_var_elongata@Seq_702
336	Lachancea_dasiensis@Seq_574
337	Candida_apicola@Seq_1759
338	Starmerella_bombicola_JCM9596@Seq_1094
339	Candida_versatilis@Seq_5079
340	Candida_versatilis@Seq_1689
341	Candida_apicola@Seq_958
342	yHMPu5000034646_Wickerhamiella_cacticola@Seq_2131
343	Candida_infanticola@Seq_119
344	Lachancea_fantastica@Seq_1691
345	Lachancea_meyersii@Seq_4046
346	Lachancea_thermotolerans@Seq_40
347	Lachancea_cidri@Seq_4509
348	Lachancea_lanzarotensis@Seq_1498
349	Lachancea_quebecensis@Seq_4562
350	Lachancea_fermentati@Seq_4616
351	Meyerozyma_guilliermondii@Seq_4866
352	Candida_carpophila@Seq_3063
353	yHMPu5000035662_Meyerozyma_caribbica@Seq_3139
354	yHMPu5000034606_Priceomyces_medius@Seq_1967
355	Priceomyces_haplophilus@Seq_868
356	yHMPu5000035296_Priceomyces_carsonii@Seq_5363
357	yHMPu5000035297_Priceomyces_castillae@Seq_3579
358	yHMPu5000034646_Wickerhamiella_cacticola@Seq_4229
359	Candida_infanticola@Seq_4209
360	Candida_apicola@Seq_2123
361	Candida_versatilis@Seq_3739
362	Starmerella_bombicola_JCM9596@Seq_3400
363	yHMPu5000035279_Tortispora_starmeri@Seq_3900
364	Wickerhamiella_domercqiae@Seq_1584
365	Candida_infanticola@Seq_98
366	Candida_versatilis@Seq_3974
367	Starmerella_bombicola_JCM9596@Seq_113
368	Candida_apicola@Seq_1438
369	yHMPu5000034646_Wickerhamiella_cacticola@Seq_5141
370	Yarrowia_lipolytica@Seq_1585
371	yHMPu5000035645_Yarrowia_divulgata@Seq_5712
372	yHMPu5000035643_Yarrowia_bubula@Seq_4638
373	Yarrowia_deformans@Seq_1085
374	Lipomyces_starkeyi@Seq_5593
375	yHMPu5000034760_Lipomyces_kononenkoae@Seq_1689
376	Yarrowia_lipolytica@Seq_2581
377	Starmerella_bombicola_JCM9596@Seq_2377
378	Candida_versatilis@Seq_267
379	Yarrowia_deformans@Seq_3887
380	yHMPu5000034646_Wickerhamiella_cacticola@Seq_4455
381	Lachancea_nothofagi@Seq_3604
382	Lachancea_waltii@Seq_386
383	Lachancea_fantastica@Seq_3924
384	Lachancea_lanzarotensis@Seq_76
385	Lachancea_fermentati@Seq_1673
386	Meyerozyma_guilliermondii@Seq_1835
387	Candida_carpophila@Seq_1949
388	yHMPu5000035662_Meyerozyma_caribbica@Seq_2816
389	yHMPu5000041863_Candida_gorgasii@Seq_4868
390	yHMPu5000035296_Priceomyces_carsonii@Seq_4673
391	Starmerella_bombicola_JCM9596@Seq_4005
392	Wickerhamiella_domercqiae@Seq_1511
393	Candida_apicola@Seq_1541
394	yHMPu5000034974_Deakozyma_indianensis@Seq_2682
395	yHMPu5000035244_Candida_incommunis@Seq_4539
396	Lachancea_dasiensis@Seq_707
397	yHMPu5000034862_Zygotorulaspora_florentina@Seq_3402
398	Saccharomyces_paradoxus@Seq_3159
399	Lachancea_fermentati@Seq_1568
400	Candida_versatilis@Seq_4628
401	yHMPu5000034675_Blastobotrys_mokoenaii@Seq_1470
402	yHMPu5000034667_Blastobotrys_serpentis@Seq_1019
403	yHMPu5000035242_Zygoascus_ofunaensis@Seq_2709
404	yHMPu5000034670_Blastobotrys_proliferans@Seq_293
405	yHMPu5000035243_Zygoascus_meyerae@Seq_1197
406	Saccharomyces_paradoxus@Seq_4057
407	Candida_apicola@Seq_2042
408	Wickerhamiella_domercqiae@Seq_2777
409	Saccharomyces_uvarum@Seq_4107
410	yHMPu5000041693_Debaryomyces_nepalensis@Seq_5341
411	yHMPu5000034758_Lipomyces_japonicus@Seq_5485
412	yHMPu5000034749_Lipomyces_mesembrius@Seq_372
413	Lipomyces_starkeyi@Seq_4631
414	yHMPu5000034760_Lipomyces_kononenkoae@Seq_4211
415	yHMPu5000034761_Lipomyces_lipofer@Seq_2883
416	Yarrowia_keelungensis@Seq_4565
417	yHMPu5000035645_Yarrowia_divulgata@Seq_6239
418	Yarrowia_deformans@Seq_3714
419	Yarrowia_lipolytica@Seq_3997
420	yHMPu5000035643_Yarrowia_bubula@Seq_2467
421	Yarrowia_lipolytica@Seq_2302
422	Yarrowia_deformans@Seq_5680
423	yHMPu5000035645_Yarrowia_divulgata@Seq_2818
424	Yarrowia_keelungensis@Seq_6093
425	Candida_apicola@Seq_1733
426	Candida_versatilis@Seq_4423
427	Wickerhamiella_domercqiae@Seq_3154
428	Candida_versatilis@Seq_3388
429	Starmerella_bombicola_JCM9596@Seq_2522
430	Candida_versatilis@Seq_4715
431	Clavispora_lusitaniae@Seq_1399
432	yHMPu5000034986_Candida_oregonensis@Seq_909
433	Candida_intermedia@Seq_330
434	Nadsonia_fulvescens_var_elongata@Seq_1814
435	Candida_infanticola@Seq_3985
436	yHMPu5000035643_Yarrowia_bubula@Seq_1879
437	Yarrowia_lipolytica@Seq_305
438	Yarrowia_keelungensis@Seq_6036
439	Yarrowia_deformans@Seq_5561
440	yHMPu5000035645_Yarrowia_divulgata@Seq_5582
441	Yarrowia_deformans@Seq_3079
442	Yarrowia_lipolytica@Seq_6002
443	yHMPu5000035643_Yarrowia_bubula@Seq_4156
444	Yarrowia_keelungensis@Seq_4846
445	Candida_versatilis@Seq_4648
446	Yarrowia_keelungensis@Seq_1842
447	Yarrowia_deformans@Seq_3464
448	Yarrowia_lipolytica@Seq_3196
449	yHMPu5000035643_Yarrowia_bubula@Seq_2368
450	yHMPu5000035633_Candida_hispaniensis@Seq_4714
451	yHMPu5000035651_Torulaspora_microellipsoides@Seq_3726
452	Saccharomyces_uvarum@Seq_1162
453	yHMPu5000034862_Zygotorulaspora_florentina@Seq_1848
454	Saccharomyces_cerevisiae@YLL060C
455	Saccharomyces_uvarum@Seq_3676
456	Kazachstania_africana@Seq_3771
457	Kazachstania_africana@Seq_2528
458	Kazachstania_africana@Seq_1938
459	Candida_versatilis@Seq_382
460	Ashbya_aceri@Seq_4129
461	yHMPu5000034646_Wickerhamiella_cacticola@Seq_4067
462	yHMPu5000034646_Wickerhamiella_cacticola@Seq_2269
463	Candida_infanticola@Seq_3088
464	Candida_infanticola@Seq_3813
465	Komagataella_pastoris@Seq_1413
466	yHMPu5000034669_Blastobotrys_raffinofermentans@Seq_4186
467	Arxula_adeninivorans@Seq_4268
468	yHMPu5000034660_Diddensiella_caesifluorescens@Seq_5105
469	yHMPu5000034681_Blastobotrys_americana@Seq_755
470	Lachancea_kluyveri@Seq_2737
471	yHMPu5000035650_Trigonopsis_variabilis@Seq_83
472	Nadsonia_fulvescens_var_elongata@Seq_577
473	yHMPu5000035675_Kregervanrija_fluxuum@Seq_236
474	Lipomyces_starkeyi@Seq_2943
475	yHMPu5000034760_Lipomyces_kononenkoae@Seq_5325
476	yHMPu5000034760_Lipomyces_kononenkoae@Seq_3126
477	Lipomyces_starkeyi@Seq_6785
478	yHMPu5000034760_Lipomyces_kononenkoae@Seq_5670
479	yHMPu5000034761_Lipomyces_lipofer@Seq_6785
480	yHMPu5000034742_Lipomyces_suomiensis@Seq_5913
481	Candida_orthopsilosis@Seq_2683
482	Candida_parapsilosis@Seq_112
483	yHMPu5000041678_Debaryomyces_prosopidis@Seq_5915
484	Candida_parapsilosis@Seq_1271
485	yHMPu5000034709_Kluyveromyces_aestuarii@Seq_4631
486	Kluyveromyces_lactis@Seq_4614
487	Kluyveromyces_marxianus@Seq_3464
488	Candida_versatilis@Seq_3424
489	yHMPu5000034654_Aciculoconidium_aculeatum@Seq_4972
490	yHMPu5000034654_Aciculoconidium_aculeatum@Seq_5586
491	yHMPu5000034654_Aciculoconidium_aculeatum@Seq_2450
492	yHMPu5000034654_Aciculoconidium_aculeatum@Seq_2888
493	yHMPu5000041693_Debaryomyces_nepalensis@Seq_5391
494	Debaryomyces_hansenii@Seq_1490
495	yHMPu5000041829_Debaryomyces_fabryi@Seq_1551
496	Lachancea_dasiensis@Seq_1605
497	yHMPu5000041678_Debaryomyces_prosopidis@Seq_3481
498	yHMPu5000041678_Debaryomyces_prosopidis@Seq_1655
499	yHMPu5000041824_Debaryomyces_subglobosus@Seq_2373
500	yHMPu5000041693_Debaryomyces_nepalensis@Seq_378
501	yHMPu5000034605_Spencermartinsiella_europaea@Seq_803
502	yHMPu5000034670_Blastobotrys_proliferans@Seq_6328
503	yHMPu5000034675_Blastobotrys_mokoenaii@Seq_959
504	yHMPu5000034671_Blastobotrys_peoriensis@Seq_499
505	Lipomyces_starkeyi@Seq_3948
506	yHMPu5000034754_Lipomyces_arxii@Seq_8244
507	yHMPu5000034760_Lipomyces_kononenkoae@Seq_3822
508	yHMPu5000034749_Lipomyces_mesembrius@Seq_3262
509	Candida_versatilis@Seq_3179
510	yHMPu5000035654_Tortispora_ganteri@Seq_670
511	Candida_versatilis@Seq_4781
512	Tortispora_caseinolytica@Seq_3473
513	Lipomyces_starkeyi@Seq_2712
514	yHMPu5000034749_Lipomyces_mesembrius@Seq_5401
515	yHMPu5000034760_Lipomyces_kononenkoae@Seq_5446
516	Candida_infanticola@Seq_3597
517	Kluyveromyces_lactis@Seq_2009
518	Kluyveromyces_marxianus@Seq_3155
519	yHMPu5000034667_Blastobotrys_serpentis@Seq_2695
520	yHMPu5000034670_Blastobotrys_proliferans@Seq_5264
521	yHMPu5000034675_Blastobotrys_mokoenaii@Seq_6138
522	Kluyveromyces_lactis@Seq_335
523	yHMPu5000034710_Kluyveromyces_dobzhanskii@Seq_4752
524	Kluyveromyces_marxianus@Seq_4768
525	yHMPu5000034667_Blastobotrys_serpentis@Seq_2765
526	Candida_versatilis@Seq_5315
527	Arxula_adeninivorans@Seq_3987
528	yHMPu5000034607_Saccharomycopsis_capsularis@Seq_6631
529	yHMPu5000035243_Zygoascus_meyerae@Seq_4768
530	Saccharomycopsis_malanga@Seq_2378
531	yHMPu5000026274_Komagataella_populi@Seq_2507
532	Komagataella_pastoris@Seq_37
533	yHMPu5000034939_Komagataella_pseudopastoris@Seq_4508
534	yHMPu5000034887_Ogataea_trehaloabstinens@Seq_208
535	yHMPu5000034887_Ogataea_trehaloabstinens@Seq_715
536	yHMPu5000034887_Ogataea_trehaloabstinens@Seq_652
537	yHMPu5000035268_Wickerhamomyces_hampshirensis@Seq_289
538	yHMPu5000035302_Candida_fragi@Seq_1524
539	Kluyveromyces_lactis@Seq_3933
540	yHMPu5000034605_Spencermartinsiella_europaea@Seq_5105
541	yHMPu5000034605_Spencermartinsiella_europaea@Seq_1624
542	yHMPu5000035242_Zygoascus_ofunaensis@Seq_1873
543	Candida_versatilis@Seq_2065
544	Sugiyamaella_lignohabitans@Seq_1161
545	Wickerhamiella_domercqiae@Seq_1799
546	Candida_versatilis@Seq_1516
547	Candida_versatilis@Seq_302
548	Candida_versatilis@Seq_3253
549	Candida_versatilis@Seq_5008
550	Lachancea_kluyveri@Seq_520
551	Lachancea_kluyveri@Seq_4795
552	Lachancea_kluyveri@Seq_3421
553	Wickerhamiella_domercqiae@Seq_517
554	Candida_versatilis@Seq_4625
555	Starmerella_bombicola_JCM9596@Seq_4067
556	Lachancea_lanzarotensis@Seq_2758
557	Lachancea_fantastica@Seq_4524
558	Lachancea_meyersii@Seq_4458
559	yHMPu5000034760_Lipomyces_kononenkoae@Seq_1497
560	yHMPu5000034754_Lipomyces_arxii@Seq_5006
561	Lipomyces_starkeyi@Seq_3216
562	yHMPu5000034742_Lipomyces_suomiensis@Seq_4391
563	yHMPu5000034742_Lipomyces_suomiensis@Seq_1000
564	yHMPu5000034742_Lipomyces_suomiensis@Seq_5243
565	Wickerhamiella_domercqiae@Seq_1399
566	Candida_versatilis@Seq_3197
567	Candida_apicola@Seq_3128
568	yHMPu5000035031_Candida_kruisii@Seq_158
569	yHMPu5000035031_Candida_kruisii@Seq_758
570	yHMPu5000035033_Candida_cretensis@Seq_1112
571	Candida_versatilis@Seq_759
572	Candida_versatilis@Seq_4178
573	Candida_versatilis@Seq_1366
574	Candida_versatilis@Seq_3467
575	Candida_versatilis@Seq_5451
576	yHMPu5000034865_Zygosaccharomyces_kombuchaensis@Seq_2365
577	yHMPu5000035651_Torulaspora_microellipsoides@Seq_4156
578	Candida_versatilis@Seq_60
579	yHMPu5000035643_Yarrowia_bubula@Seq_1404
580	Yarrowia_lipolytica@Seq_1344
581	yHMPu5000035645_Yarrowia_divulgata@Seq_3343
582	Candida_versatilis@Seq_4688
583	Geotrichum_candidum@Seq_5404
584	Candida_infanticola@Seq_2880
585	Candida_versatilis@Seq_4
586	Wickerhamiella_domercqiae@Seq_3471
587	Candida_versatilis@Seq_2074
588	Candida_versatilis@Seq_2362
589	Candida_apicola@Seq_2827
590	yHMPu5000034614_Saturnispora_silvae@Seq_290
591	yHMPu5000034605_Spencermartinsiella_europaea@Seq_2351
592	yHMPu5000035665_Middelhovenomyces_tepae@Seq_3532
593	yHMPu5000034660_Diddensiella_caesifluorescens@Seq_5270
594	Sugiyamaella_lignohabitans@Seq_4182
595	Lachancea_kluyveri@Seq_398
596	Lachancea_kluyveri@Seq_1080
597	Wickerhamiella_domercqiae@Seq_4056
598	Candida_apicola@Seq_1927
599	Candida_versatilis@Seq_5040
600	Hanseniaspora_valbyensis@Seq_3880
601	Candida_sorboxylosa@Seq_2309
602	Candida_apicola@Seq_1895
603	Candida_apicola@Seq_369
604	Candida_versatilis@Seq_2910
605	Wickerhamiella_domercqiae@Seq_738
606	yHMPu5000034671_Blastobotrys_peoriensis@Seq_2963
607	yHMPu5000034660_Diddensiella_caesifluorescens@Seq_4755
608	yHMPu5000034623_Pichia_norvegensis@Seq_3304
609	Candida_versatilis@Seq_5301
610	Wickerhamiella_domercqiae@Seq_2161
611	yHMPu5000034635_Nadsonia_fulvescens@Seq_2247
612	Saccharomyces_cerevisiae@YNR058W
613	Wickerhamiella_domercqiae@Seq_1171
614	Candida_infanticola@Seq_3045
615	Wickerhamiella_domercqiae@Seq_624
616	Nakaseomyces_castellii@Seq_700
617	Nakaseomyces_castellii@Seq_3308
618	Candida_versatilis@Seq_1797
619	Candida_versatilis@Seq_3518
620	yHMPu5000034646_Wickerhamiella_cacticola@Seq_2828
621	yHMPu5000034646_Wickerhamiella_cacticola@Seq_4654
622	Candida_versatilis@Seq_3292
623	Candida_versatilis@Seq_3980
624	Candida_versatilis@Seq_1705
625	yHMPu5000034611_Saturnispora_mendoncae@Seq_4230
626	yHMPu5000035244_Candida_incommunis@Seq_3845
627	yHMPu5000034974_Deakozyma_indianensis@Seq_1273
628	Saccharomyces_mikatae@Seq_3273
629	Saccharomyces_cerevisiae@YDR540C
630	yHMPu5000035037_Candida_montana@Seq_5043
631	yHMPu5000035673_Candida_orba@Seq_4554
632	Wickerhamiella_domercqiae@Seq_3226
633	Candida_versatilis@Seq_3666
634	Wickerhamiella_domercqiae@Seq_1589
635	Wickerhamiella_domercqiae@Seq_3167
636	Candida_versatilis@Seq_1023
637	yHMPu5000034610_Saturnispora_hagleri@Seq_2554
638	yHMPu5000034613_Saturnispora_serradocipensis@Seq_2450
639	yHMPu5000041693_Debaryomyces_nepalensis@Seq_3742
640	yHMPu5000035031_Candida_kruisii@Seq_2014
641	Candida_versatilis@Seq_4826
642	Candida_versatilis@Seq_2706
643	Candida_versatilis@Seq_1953
644	Nadsonia_fulvescens_var_elongata@Seq_5196
645	Candida_versatilis@Seq_5152
646	Candida_versatilis@Seq_860
647	yHMPu5000035044_Barnettozyma_californica@Seq_508
648	Wickerhamiella_domercqiae@Seq_3542
649	Candida_versatilis@Seq_4654
650	Lipomyces_starkeyi@Seq_7331
651	Wickerhamiella_domercqiae@Seq_1519
652	Candida_versatilis@Seq_2570
653	Lachancea_fermentati@Seq_2195
654	yHMPu5000035651_Torulaspora_microellipsoides@Seq_213
655	Lachancea_quebecensis@Seq_3862
656	Lachancea_thermotolerans@Seq_460
657	Lachancea_dasiensis@Seq_3125
658	Wickerhamiella_domercqiae@Seq_60
659	Candida_versatilis@Seq_4757
660	Meyerozyma_guilliermondii@Seq_3821
661	Wickerhamiella_domercqiae@Seq_295
662	yHMPu5000034646_Wickerhamiella_cacticola@Seq_1143
663	yHMPu5000035633_Candida_hispaniensis@Seq_1671
664	Candida_versatilis@Seq_2648
665	Candida_versatilis@Seq_128
666	Candida_versatilis@Seq_2029
667	Candida_infanticola@Seq_2656
668	Candida_parapsilosis@Seq_1026
669	Candida_versatilis@Seq_864
670	Kluyveromyces_lactis@Seq_3743
671	Candida_versatilis@Seq_715
672	Wickerhamiella_domercqiae@Seq_3595
673	yHMPu5000034646_Wickerhamiella_cacticola@Seq_3123
674	yHMPu5000034646_Wickerhamiella_cacticola@Seq_2125
675	Candida_versatilis@Seq_1394
676	Wickerhamiella_domercqiae@Seq_3495
677	Starmerella_bombicola_JCM9596@Seq_2578
678	Candida_versatilis@Seq_5297
679	Candida_versatilis@Seq_4905
680	Cyberlindnera_fabianii_JCM3601@Seq_3638
681	Cyberlindnera_fabianii_JCM3601@Seq_365
682	Lachancea_fermentati@Seq_941
683	Lachancea_thermotolerans@Seq_3214
684	Candida_versatilis@Seq_4538
685	Wickerhamiella_domercqiae@Seq_1722
686	yHMPu5000035650_Trigonopsis_variabilis@Seq_3533
687	yHMPu5000035282_Trigonopsis_vinaria@Seq_122
688	Candida_versatilis@Seq_4041
689	Kluyveromyces_lactis@Seq_4434
690	Lachancea_quebecensis@Seq_2881
691	Candida_apicola@Seq_2137
692	Candida_apicola@Seq_2657
693	Candida_versatilis@Seq_1590
694	yHMPu5000034646_Wickerhamiella_cacticola@Seq_5604
695	yHMPu5000034646_Wickerhamiella_cacticola@Seq_292
696	yHMPu5000034646_Wickerhamiella_cacticola@Seq_3424
697	Lipomyces_starkeyi@Seq_7181
698	yHMPu5000034749_Lipomyces_mesembrius@Seq_5341
699	Lachancea_cidri@Seq_3817
700	yHMPu5000034749_Lipomyces_mesembrius@Seq_2988
701	yHMPu5000035672_Phaffomyces_thermotolerans@Seq_4050
702	Candida_versatilis@Seq_2075
703	Lachancea_meyersii@Seq_3740
704	Wickerhamiella_domercqiae@Seq_273
705	Candida_versatilis@Seq_2674
706	yHMPu5000035665_Middelhovenomyces_tepae@Seq_1492
707	Candida_infanticola@Seq_1614
708	yHMPu5000034681_Blastobotrys_americana@Seq_2707
709	Candida_versatilis@Seq_4621
710	Sugiyamaella_lignohabitans@Seq_6150
711	yHMPu5000034760_Lipomyces_kononenkoae@Seq_7184
712	Candida_infanticola@Seq_331
713	Candida_versatilis@Seq_153
714	Lachancea_fermentati@Seq_2337
715	Candida_versatilis@Seq_893
716	Candida_versatilis@Seq_2079
717	Candida_versatilis@Seq_3146
718	Wickerhamiella_domercqiae@Seq_31
719	Candida_glabrata@Seq_1834
720	Lachancea_fermentati@Seq_754
721	Candida_versatilis@Seq_1773
722	yHMPu5000034646_Wickerhamiella_cacticola@Seq_4329
723	Dekkera_bruxellensis@Seq_49
724	Candida_versatilis@Seq_3164
725	Saccharomyces_mikatae@Seq_4779
726	Candida_tanzawaensis@Seq_3880
727	Kluyveromyces_lactis@Seq_26
728	Candida_infanticola@Seq_3305
729	Nakaseomyces_castellii@Seq_1619
730	Candida_infanticola@Seq_766
731	Arxula_adeninivorans@Seq_1941
732	Kluyveromyces_lactis@Seq_3874
733	Ogataea_parapolymorpha@Seq_320
734	Candida_versatilis@Seq_1111
735	Candida_versatilis@Seq_5107
736	Candida_versatilis@Seq_4019
737	Komagataella_pastoris@Seq_3451
738	Candida_versatilis@Seq_2166
739	Candida_versatilis@Seq_3154
740	Candida_versatilis@Seq_3206
741	Candida_parapsilosis@Seq_1578
742	Candida_versatilis@Seq_5138
743	yHMPu5000035282_Trigonopsis_vinaria@Seq_3810
744	Candida_versatilis@Seq_3608
745	yHMPu5000035665_Middelhovenomyces_tepae@Seq_4451
746	Candida_infanticola@Seq_669
747	Lachancea_thermotolerans@Seq_3306
748	Wickerhamiella_domercqiae@Seq_1577
749	Candida_versatilis@Seq_5207
750	yHMPu5000034761_Lipomyces_lipofer@Seq_5554
751	Candida_apicola@Seq_3160
752	Candida_versatilis@Seq_5268
753	Lipomyces_starkeyi@Seq_2025
754	Kluyveromyces_lactis@Seq_4462
755	Candida_versatilis@Seq_4183
756	Wickerhamiella_domercqiae@Seq_3
757	Candida_infanticola@Seq_502
758	yHMPu5000035296_Priceomyces_carsonii@Seq_4106
759	Candida_versatilis@Seq_2383
760	Arxula_adeninivorans@Seq_962
761	Wickerhamiella_domercqiae@Seq_2732
762	yHMPu5000035037_Candida_montana@Seq_657
763	yHMPu5000034646_Wickerhamiella_cacticola@Seq_3097
764	Kluyveromyces_lactis@Seq_515
765	yHMPu5000034667_Blastobotrys_serpentis@Seq_2581
766	Candida_apicola@Seq_2437
767	Saccharomyces_mikatae@Seq_2832
768	yHMPu5000034887_Ogataea_trehaloabstinens@Seq_3927
769	Candida_versatilis@Seq_1667
770	Saccharomyces_cerevisiae@YKL107W
771	Wickerhamiella_domercqiae@Seq_33
772	Kazachstania_africana@Seq_4223
773	Kazachstania_africana@Seq_3379
774	Starmerella_bombicola_JCM9596@Seq_1181
775	Candida_versatilis@Seq_4754
776	Candida_apicola@Seq_3013
777	Wickerhamiella_domercqiae@Seq_3689
778	Wickerhamiella_domercqiae@Seq_1260
779	yHMPu5000034635_Nadsonia_fulvescens@Seq_2818
780	Candida_versatilis@Seq_1734
781	Candida_versatilis@Seq_3532
782	yHMPu5000034597_Candida_stellimalicola@Seq_1659
783	Lipomyces_starkeyi@Seq_8593
784	Candida_versatilis@Seq_4159
785	Wickerhamiella_domercqiae@Seq_1743
786	yHMPu5000035650_Trigonopsis_variabilis@Seq_987
787	Ogataea_methanolica@Seq_4202
788	Candida_versatilis@Seq_337
789	Candida_versatilis@Seq_3792
790	Candida_versatilis@Seq_3576
791	Torulaspora_delbrueckii@Seq_2520
792	yHMPu5000034749_Lipomyces_mesembrius@Seq_145
793	Candida_versatilis@Seq_696
794	Millerozyma_acaciae@Seq_4593
795	yHMPu5000035665_Middelhovenomyces_tepae@Seq_3991
796	Candida_versatilis@Seq_4487
797	Candida_versatilis@Seq_1883
798	yHMPu5000034605_Spencermartinsiella_europaea@Seq_3670
799	Lipomyces_starkeyi@Seq_1489
800	Candida_versatilis@Seq_42
801	Candida_versatilis@Seq_2309
802	Starmerella_bombicola_JCM9596@Seq_166
803	yHMPu5000041713_Debaryomyces_maramus@Seq_356
804	Candida_versatilis@Seq_1988
805	Candida_versatilis@Seq_1786
806	Lachancea_fantastica@Seq_2119
807	Candida_versatilis@Seq_4066
808	Debaryomyces_hansenii@Seq_2445
809	Lachancea_nothofagi@Seq_4543
810	Pichia_membranifaciens@Seq_575
811	Candida_versatilis@Seq_4182
812	Candida_versatilis@Seq_1229
813	Candida_versatilis@Seq_2781
814	yHMPu5000034671_Blastobotrys_peoriensis@Seq_3135
815	Candida_infanticola@Seq_931
816	Candida_versatilis@Seq_4357
817	Wickerhamiella_domercqiae@Seq_2920
818	Lipomyces_starkeyi@Seq_414
819	Candida_versatilis@Seq_2867
820	Lipomyces_starkeyi@Seq_6146
821	Candida_versatilis@Seq_726
822	Lachancea_cidri@Seq_1185
823	Saccharomyces_cerevisiae@YFR055W
824	yHMPu5000034635_Nadsonia_fulvescens@Seq_2930
825	yHMPu5000035335_Candida_blattae@Seq_5439
826	Lipomyces_starkeyi@Seq_427
827	Komagataella_pastoris@Seq_3056
828	Candida_versatilis@Seq_1251
829	Candida_intermedia@Seq_206
830	Candida_versatilis@Seq_865
831	Candida_versatilis@Seq_2963
832	yHMPu5000034760_Lipomyces_kononenkoae@Seq_3810
833	yHMPu5000034670_Blastobotrys_proliferans@Seq_981
834	Candida_versatilis@Seq_1480
835	Candida_versatilis@Seq_2109
836	Candida_versatilis@Seq_1492
837	Candida_versatilis@Seq_3908
838	Candida_apicola@Seq_2540
839	Babjeviella_inositovora@Seq_1098
840	yHMPu5000034646_Wickerhamiella_cacticola@Seq_3916
841	Starmerella_bombicola_JCM9596@Seq_2766
842	Candida_apicola@Seq_846
843	yHMPu5000034646_Wickerhamiella_cacticola@Seq_2481
844	Lipomyces_starkeyi@Seq_2093
845	yHMPu5000034613_Saturnispora_serradocipensis@Seq_4839
846	yHMPu5000034918_Nakazawaea_holstii@Seq_5930
847	Candida_versatilis@Seq_1404
848	Eremothecium_coryli@Seq_2897
849	Candida_apicola@Seq_918
850	Wickerhamiella_domercqiae@Seq_2896
851	Komagataella_pastoris@Seq_4148
852	Candida_versatilis@Seq_3921
853	Starmerella_bombicola_JCM9596@Seq_1020
854	yHMPu5000035650_Trigonopsis_variabilis@Seq_2773
855	Lachancea_fermentati@Seq_4300
856	Saccharomyces_kudriavzevii@Seq_829
857	Candida_infanticola@Seq_1352
858	Wickerhamiella_domercqiae@Seq_723
859	Candida_versatilis@Seq_2131
860	Candida_versatilis@Seq_845
861	Candida_versatilis@Seq_3946
862	yHMPu5000034754_Lipomyces_arxii@Seq_270
863	Candida_infanticola@Seq_328
864	Wickerhamiella_domercqiae@Seq_1423
865	Eremothecium_gossypii@Seq_1065
866	Candida_apicola@Seq_767
867	Candida_versatilis@Seq_3556
868	Candida_apicola@Seq_1390
869	yHMPu5000035650_Trigonopsis_variabilis@Seq_1504
870	Candida_versatilis@Seq_3595
871	Candida_versatilis@Seq_4613
872	Kluyveromyces_lactis@Seq_4471
873	Lachancea_meyersii@Seq_3299
874	Starmerella_bombicola_JCM9596@Seq_1658
875	Wickerhamiella_domercqiae@Seq_3304
876	yHMPu5000034646_Wickerhamiella_cacticola@Seq_5775
877	Komagataella_pastoris@Seq_3850
878	Candida_versatilis@Seq_3517
